scope_type,scope_code,year,property_type,sales,q1_eur_m2,median_eur_m2,q3_eur_m2,reason
departement,35,2014,Appartement,1395,1552.0,2105.0,2853.0,
departement,35,2014,Maison,3682,1435.0,1875.0,2424.0,
departement,35,2015,Appartement,1557,1580.0,2226.0,2871.0,
departement,35,2015,Maison,4613,1426.0,1868.0,2347.0,
departement,35,2016,Appartement,1755,1562.0,2208.0,2955.0,
departement,35,2016,Maison,4878,1417.0,1868.0,2396.0,
departement,35,2017,Appartement,2024,1702.0,2344.0,3038.0,
departement,35,2017,Maison,5558,1426.0,1926.0,2468.0,
departement,35,2018,Appartement,1984,1717.0,2500.0,3337.0,
departement,35,2018,Maison,5483,1463.0,1970.0,2557.0,
departement,35,2019,Appartement,2108,1844.0,2674.0,3558.0,
departement,35,2019,Maison,6020,1508.0,2006.0,2667.0,
departement,35,2020,Appartement,1893,2080.0,3050.0,4068.0,
departement,35,2020,Maison,6131,1568.0,2107.0,2794.0,
departement,35,2021,Appartement,1278,2345.0,3418.0,4680.0,
departement,35,2021,Maison,5582,1725.0,2323.0,3055.0,
departement,35,2022,Appartement,875,2941.0,4110.0,5134.0,
departement,35,2022,Maison,4801,1989.0,2615.0,3373.0,
departement,35,2023,Appartement,705,2703.0,3848.0,5071.0,
departement,35,2023,Maison,3818,2000.0,2613.0,3299.0,
departement,35,2024,Appartement,659,2603.0,3958.0,5125.0,
departement,35,2024,Maison,3570,1948.0,2535.0,3187.0,
departement,35,2025,Appartement,712,2728.0,3998.0,5129.0,
departement,35,2025,Maison,4097,2031.0,2588.0,3227.0,
epci,200038990,2014,Appartement,3,,,,support insuffisant : 3 < 15
epci,200038990,2014,Maison,86,1083.0,1443.0,1633.0,
epci,200038990,2015,Appartement,4,,,,support insuffisant : 4 < 15
epci,200038990,2015,Maison,112,1039.0,1290.0,1575.0,
epci,200038990,2016,Maison,113,1024.0,1348.0,1618.0,
epci,200038990,2017,Appartement,1,,,,support insuffisant : 1 < 15
epci,200038990,2017,Maison,149,1081.0,1384.0,1644.0,
epci,200038990,2018,Appartement,5,,,,support insuffisant : 5 < 15
epci,200038990,2018,Maison,137,1163.0,1410.0,1767.0,
epci,200038990,2019,Appartement,4,,,,support insuffisant : 4 < 15
epci,200038990,2019,Maison,144,1229.0,1474.0,1790.0,
epci,200038990,2020,Appartement,3,,,,support insuffisant : 3 < 15
epci,200038990,2020,Maison,188,1226.0,1642.0,1892.0,
epci,200038990,2021,Appartement,5,,,,support insuffisant : 5 < 15
epci,200038990,2021,Maison,189,1386.0,1737.0,2046.0,
epci,200038990,2022,Appartement,1,,,,support insuffisant : 1 < 15
epci,200038990,2022,Maison,129,1743.0,2075.0,2376.0,
epci,200038990,2023,Appartement,3,,,,support insuffisant : 3 < 15
epci,200038990,2023,Maison,98,1694.0,2135.0,2528.0,
epci,200038990,2024,Appartement,5,,,,support insuffisant : 5 < 15
epci,200038990,2024,Maison,93,1614.0,1950.0,2289.0,
epci,200038990,2025,Appartement,8,,,,support insuffisant : 8 < 15
epci,200038990,2025,Maison,112,1767.0,2042.0,2376.0,
epci,200039022,2014,Appartement,43,1223.0,1596.0,1913.0,
epci,200039022,2014,Maison,300,1144.0,1531.0,1812.0,
epci,200039022,2015,Appartement,26,1289.0,1686.0,2036.0,
epci,200039022,2015,Maison,404,1248.0,1542.0,1875.0,
epci,200039022,2016,Appartement,38,1264.0,1550.0,1811.0,
epci,200039022,2016,Maison,381,1138.0,1561.0,1880.0,
epci,200039022,2017,Appartement,47,1227.0,1757.0,2111.0,
epci,200039022,2017,Maison,459,1166.0,1507.0,1868.0,
epci,200039022,2018,Appartement,30,1451.0,1749.0,2005.0,
epci,200039022,2018,Maison,477,1154.0,1577.0,1952.0,
epci,200039022,2019,Appartement,50,1300.0,1781.0,2188.0,
epci,200039022,2019,Maison,564,1198.0,1614.0,2000.0,
epci,200039022,2020,Appartement,64,1521.0,1830.0,2143.0,
epci,200039022,2020,Maison,561,1324.0,1703.0,2067.0,
epci,200039022,2021,Appartement,40,1532.0,2022.0,2657.0,
epci,200039022,2021,Maison,505,1379.0,1811.0,2289.0,
epci,200039022,2022,Appartement,18,1795.0,2231.0,2396.0,
epci,200039022,2022,Maison,462,1655.0,2050.0,2529.0,
epci,200039022,2023,Appartement,28,1947.0,2221.0,2568.0,
epci,200039022,2023,Maison,383,1738.0,2133.0,2639.0,
epci,200039022,2024,Appartement,17,1750.0,2449.0,2619.0,
epci,200039022,2024,Maison,315,1619.0,2017.0,2470.0,
epci,200039022,2025,Appartement,23,2275.0,2512.0,2930.0,
epci,200039022,2025,Maison,353,1667.0,2059.0,2540.0,
epci,200043990,2014,Appartement,1,,,,support insuffisant : 1 < 15
epci,200043990,2014,Maison,172,1125.0,1533.0,1826.0,
epci,200043990,2015,Appartement,2,,,,support insuffisant : 2 < 15
epci,200043990,2015,Maison,224,1189.0,1549.0,1860.0,
epci,200043990,2016,Appartement,1,,,,support insuffisant : 1 < 15
epci,200043990,2016,Maison,244,1106.0,1579.0,1818.0,
epci,200043990,2017,Appartement,11,,,,support insuffisant : 11 < 15
epci,200043990,2017,Maison,270,1174.0,1538.0,1861.0,
epci,200043990,2018,Appartement,5,,,,support insuffisant : 5 < 15
epci,200043990,2018,Maison,292,1288.0,1648.0,2007.0,
epci,200043990,2019,Appartement,9,,,,support insuffisant : 9 < 15
epci,200043990,2019,Maison,314,1233.0,1669.0,1999.0,
epci,200043990,2020,Appartement,5,,,,support insuffisant : 5 < 15
epci,200043990,2020,Maison,323,1369.0,1716.0,2132.0,
epci,200043990,2021,Appartement,4,,,,support insuffisant : 4 < 15
epci,200043990,2021,Maison,290,1502.0,1994.0,2309.0,
epci,200043990,2022,Appartement,2,,,,support insuffisant : 2 < 15
epci,200043990,2022,Maison,231,1827.0,2232.0,2615.0,
epci,200043990,2023,Appartement,2,,,,support insuffisant : 2 < 15
epci,200043990,2023,Maison,196,1545.0,2102.0,2500.0,
epci,200043990,2024,Appartement,3,,,,support insuffisant : 3 < 15
epci,200043990,2024,Maison,169,1781.0,2231.0,2530.0,
epci,200043990,2025,Appartement,2,,,,support insuffisant : 2 < 15
epci,200043990,2025,Maison,186,1795.0,2218.0,2513.0,
epci,200070662,2014,Appartement,6,,,,support insuffisant : 6 < 15
epci,200070662,2014,Maison,149,1139.0,1417.0,1633.0,
epci,200070662,2015,Appartement,5,,,,support insuffisant : 5 < 15
epci,200070662,2015,Maison,205,987.0,1393.0,1679.0,
epci,200070662,2016,Appartement,5,,,,support insuffisant : 5 < 15
epci,200070662,2016,Maison,184,955.0,1431.0,1720.0,
epci,200070662,2017,Appartement,7,,,,support insuffisant : 7 < 15
epci,200070662,2017,Maison,214,1084.0,1480.0,1725.0,
epci,200070662,2018,Appartement,4,,,,support insuffisant : 4 < 15
epci,200070662,2018,Maison,238,987.0,1429.0,1726.0,
epci,200070662,2019,Appartement,2,,,,support insuffisant : 2 < 15
epci,200070662,2019,Maison,245,1157.0,1602.0,1846.0,
epci,200070662,2020,Appartement,7,,,,support insuffisant : 7 < 15
epci,200070662,2020,Maison,235,1188.0,1565.0,1891.0,
epci,200070662,2021,Appartement,4,,,,support insuffisant : 4 < 15
epci,200070662,2021,Maison,207,1295.0,1715.0,2074.0,
epci,200070662,2022,Appartement,4,,,,support insuffisant : 4 < 15
epci,200070662,2022,Maison,175,1405.0,2080.0,2370.0,
epci,200070662,2023,Appartement,5,,,,support insuffisant : 5 < 15
epci,200070662,2023,Maison,146,1356.0,1929.0,2345.0,
epci,200070662,2024,Appartement,1,,,,support insuffisant : 1 < 15
epci,200070662,2024,Maison,119,1523.0,2000.0,2298.0,
epci,200070662,2025,Appartement,1,,,,support insuffisant : 1 < 15
epci,200070662,2025,Maison,143,1671.0,2147.0,2458.0,
epci,200070670,2014,Appartement,8,,,,support insuffisant : 8 < 15
epci,200070670,2014,Maison,81,1143.0,1448.0,1746.0,
epci,200070670,2015,Appartement,5,,,,support insuffisant : 5 < 15
epci,200070670,2015,Maison,96,1132.0,1378.0,1706.0,
epci,200070670,2016,Appartement,9,,,,support insuffisant : 9 < 15
epci,200070670,2016,Maison,87,1085.0,1429.0,1704.0,
epci,200070670,2017,Appartement,12,,,,support insuffisant : 12 < 15
epci,200070670,2017,Maison,117,1086.0,1418.0,1712.0,
epci,200070670,2018,Appartement,10,,,,support insuffisant : 10 < 15
epci,200070670,2018,Maison,131,957.0,1350.0,1742.0,
epci,200070670,2019,Appartement,13,,,,support insuffisant : 13 < 15
epci,200070670,2019,Maison,136,1058.0,1447.0,1839.0,
epci,200070670,2020,Appartement,10,,,,support insuffisant : 10 < 15
epci,200070670,2020,Maison,136,1212.0,1613.0,1906.0,
epci,200070670,2021,Appartement,12,,,,support insuffisant : 12 < 15
epci,200070670,2021,Maison,111,1311.0,1844.0,2278.0,
epci,200070670,2022,Appartement,18,1273.0,2048.0,2511.0,
epci,200070670,2022,Maison,103,1512.0,2125.0,2544.0,
epci,200070670,2023,Appartement,17,1267.0,2292.0,3000.0,
epci,200070670,2023,Maison,75,1537.0,2033.0,2477.0,
epci,200070670,2024,Appartement,14,,,,support insuffisant : 14 < 15
epci,200070670,2024,Maison,67,1470.0,1936.0,2539.0,
epci,200070670,2025,Appartement,12,,,,support insuffisant : 12 < 15
epci,200070670,2025,Maison,73,1712.0,2080.0,2602.0,
epci,200070688,2014,Maison,57,833.0,1145.0,1452.0,
epci,200070688,2015,Appartement,1,,,,support insuffisant : 1 < 15
epci,200070688,2015,Maison,58,792.0,1081.0,1318.0,
epci,200070688,2016,Appartement,1,,,,support insuffisant : 1 < 15
epci,200070688,2016,Maison,86,826.0,1075.0,1386.0,
epci,200070688,2017,Appartement,1,,,,support insuffisant : 1 < 15
epci,200070688,2017,Maison,93,816.0,1121.0,1380.0,
epci,200070688,2018,Appartement,1,,,,support insuffisant : 1 < 15
epci,200070688,2018,Maison,116,818.0,1211.0,1493.0,
epci,200070688,2019,Appartement,3,,,,support insuffisant : 3 < 15
epci,200070688,2019,Maison,111,853.0,1232.0,1553.0,
epci,200070688,2020,Appartement,2,,,,support insuffisant : 2 < 15
epci,200070688,2020,Maison,143,863.0,1278.0,1568.0,
epci,200070688,2021,Appartement,2,,,,support insuffisant : 2 < 15
epci,200070688,2021,Maison,131,1016.0,1404.0,1711.0,
epci,200070688,2022,Maison,105,1174.0,1566.0,1876.0,
epci,200070688,2023,Appartement,2,,,,support insuffisant : 2 < 15
epci,200070688,2023,Maison,82,1250.0,1627.0,2071.0,
epci,200070688,2024,Maison,85,1205.0,1581.0,1833.0,
epci,200070688,2025,Appartement,1,,,,support insuffisant : 1 < 15
epci,200070688,2025,Maison,86,864.0,1410.0,1841.0,
epci,200072452,2014,Appartement,61,746.0,896.0,1180.0,
epci,200072452,2014,Maison,198,1085.0,1388.0,1676.0,
epci,200072452,2015,Appartement,54,738.0,875.0,1122.0,
epci,200072452,2015,Maison,240,1074.0,1346.0,1648.0,
epci,200072452,2016,Appartement,93,830.0,1046.0,1333.0,
epci,200072452,2016,Maison,238,988.0,1345.0,1596.0,
epci,200072452,2017,Appartement,108,925.0,1324.0,2335.0,
epci,200072452,2017,Maison,276,1013.0,1395.0,1675.0,
epci,200072452,2018,Appartement,75,887.0,1115.0,1335.0,
epci,200072452,2018,Maison,271,1147.0,1417.0,1740.0,
epci,200072452,2019,Appartement,110,997.0,1210.0,1509.0,
epci,200072452,2019,Maison,324,1061.0,1362.0,1670.0,
epci,200072452,2020,Appartement,91,1185.0,1375.0,1612.0,
epci,200072452,2020,Maison,322,1229.0,1494.0,1796.0,
epci,200072452,2021,Appartement,66,1075.0,1366.0,1528.0,
epci,200072452,2021,Maison,327,1202.0,1582.0,1958.0,
epci,200072452,2022,Appartement,35,1425.0,1754.0,2033.0,
epci,200072452,2022,Maison,274,1413.0,1853.0,2231.0,
epci,200072452,2023,Appartement,30,1510.0,1771.0,2154.0,
epci,200072452,2023,Maison,213,1550.0,1918.0,2262.0,
epci,200072452,2024,Appartement,35,1345.0,1596.0,2112.0,
epci,200072452,2024,Maison,255,1429.0,1758.0,2213.0,
epci,200072452,2025,Appartement,34,1332.0,1638.0,2056.0,
epci,200072452,2025,Maison,235,1434.0,1860.0,2206.0,
epci,243500139,2014,Appartement,944,1667.0,2162.0,2820.0,
epci,243500139,2014,Maison,1220,1980.0,2400.0,2963.0,
epci,243500139,2015,Appartement,1074,1623.0,2232.0,2857.0,
epci,243500139,2015,Maison,1584,1940.0,2309.0,2839.0,
epci,243500139,2016,Appartement,1149,1630.0,2222.0,2952.0,
epci,243500139,2016,Maison,1629,1949.0,2338.0,2879.0,
epci,243500139,2017,Appartement,1318,1742.0,2314.0,2989.0,
epci,243500139,2017,Maison,1823,2030.0,2424.0,2976.0,
epci,243500139,2018,Appartement,1349,1798.0,2500.0,3269.0,
epci,243500139,2018,Maison,1746,2083.0,2504.0,3175.0,
epci,243500139,2019,Appartement,1319,1947.0,2679.0,3500.0,
epci,243500139,2019,Maison,1896,2161.0,2620.0,3354.0,
epci,243500139,2020,Appartement,1211,2241.0,3108.0,4050.0,
epci,243500139,2020,Maison,1833,2274.0,2774.0,3637.0,
epci,243500139,2021,Appartement,784,2631.0,3571.0,4718.0,
epci,243500139,2021,Maison,1701,2536.0,3058.0,3818.0,
epci,243500139,2022,Appartement,572,3338.0,4270.0,5203.0,
epci,243500139,2022,Maison,1509,2808.0,3346.0,4142.0,
epci,243500139,2023,Appartement,431,3140.0,4167.0,5189.0,
epci,243500139,2023,Maison,1208,2752.0,3264.0,4098.0,
epci,243500139,2024,Appartement,411,3134.0,4111.0,5170.0,
epci,243500139,2024,Maison,1103,2626.0,3059.0,3846.0,
epci,243500139,2025,Appartement,436,3198.0,4200.0,5227.0,
epci,243500139,2025,Maison,1355,2637.0,3082.0,3765.0,
epci,243500550,2014,Appartement,7,,,,support insuffisant : 7 < 15
epci,243500550,2014,Maison,126,1494.0,1798.0,1977.0,
epci,243500550,2015,Appartement,1,,,,support insuffisant : 1 < 15
epci,243500550,2015,Maison,126,1511.0,1754.0,1993.0,
epci,243500550,2016,Appartement,7,,,,support insuffisant : 7 < 15
epci,243500550,2016,Maison,148,1397.0,1667.0,1967.0,
epci,243500550,2017,Appartement,4,,,,support insuffisant : 4 < 15
epci,243500550,2017,Maison,176,1405.0,1729.0,1996.0,
epci,243500550,2018,Appartement,5,,,,support insuffisant : 5 < 15
epci,243500550,2018,Maison,157,1536.0,1838.0,2100.0,
epci,243500550,2019,Appartement,8,,,,support insuffisant : 8 < 15
epci,243500550,2019,Maison,187,1542.0,1928.0,2166.0,
epci,243500550,2020,Appartement,9,,,,support insuffisant : 9 < 15
epci,243500550,2020,Maison,199,1646.0,2000.0,2336.0,
epci,243500550,2021,Appartement,5,,,,support insuffisant : 5 < 15
epci,243500550,2021,Maison,178,1973.0,2319.0,2610.0,
epci,243500550,2022,Appartement,8,,,,support insuffisant : 8 < 15
epci,243500550,2022,Maison,164,2147.0,2469.0,2764.0,
epci,243500550,2023,Appartement,4,,,,support insuffisant : 4 < 15
epci,243500550,2023,Maison,107,2043.0,2331.0,2785.0,
epci,243500550,2024,Appartement,4,,,,support insuffisant : 4 < 15
epci,243500550,2024,Maison,106,2104.0,2421.0,2694.0,
epci,243500550,2025,Appartement,2,,,,support insuffisant : 2 < 15
epci,243500550,2025,Maison,123,2079.0,2388.0,2659.0,
epci,243500618,2014,Appartement,5,,,,support insuffisant : 5 < 15
epci,243500618,2014,Maison,91,1544.0,1731.0,2015.0,
epci,243500618,2015,Appartement,3,,,,support insuffisant : 3 < 15
epci,243500618,2015,Maison,102,1360.0,1702.0,1965.0,
epci,243500618,2016,Appartement,1,,,,support insuffisant : 1 < 15
epci,243500618,2016,Maison,124,1359.0,1573.0,1902.0,
epci,243500618,2017,Appartement,1,,,,support insuffisant : 1 < 15
epci,243500618,2017,Maison,121,1226.0,1566.0,1959.0,
epci,243500618,2018,Appartement,2,,,,support insuffisant : 2 < 15
epci,243500618,2018,Maison,116,1325.0,1744.0,2078.0,
epci,243500618,2019,Appartement,2,,,,support insuffisant : 2 < 15
epci,243500618,2019,Maison,114,1439.0,1809.0,2226.0,
epci,243500618,2020,Appartement,3,,,,support insuffisant : 3 < 15
epci,243500618,2020,Maison,142,1545.0,1882.0,2340.0,
epci,243500618,2021,Appartement,3,,,,support insuffisant : 3 < 15
epci,243500618,2021,Maison,132,1559.0,2000.0,2343.0,
epci,243500618,2022,Appartement,3,,,,support insuffisant : 3 < 15
epci,243500618,2022,Maison,113,1769.0,2286.0,2616.0,
epci,243500618,2023,Appartement,1,,,,support insuffisant : 1 < 15
epci,243500618,2023,Maison,84,1944.0,2257.0,2775.0,
epci,243500618,2024,Appartement,3,,,,support insuffisant : 3 < 15
epci,243500618,2024,Maison,84,1869.0,2271.0,2543.0,
epci,243500618,2025,Appartement,4,,,,support insuffisant : 4 < 15
epci,243500618,2025,Maison,78,1792.0,2360.0,2725.0,
epci,243500634,2014,Maison,112,1086.0,1426.0,1687.0,
epci,243500634,2015,Appartement,5,,,,support insuffisant : 5 < 15
epci,243500634,2015,Maison,114,1163.0,1463.0,1736.0,
epci,243500634,2016,Appartement,2,,,,support insuffisant : 2 < 15
epci,243500634,2016,Maison,137,1026.0,1385.0,1670.0,
epci,243500634,2017,Maison,162,1114.0,1540.0,1794.0,
epci,243500634,2018,Appartement,6,,,,support insuffisant : 6 < 15
epci,243500634,2018,Maison,172,1149.0,1515.0,1839.0,
epci,243500634,2019,Appartement,6,,,,support insuffisant : 6 < 15
epci,243500634,2019,Maison,184,1286.0,1602.0,1881.0,
epci,243500634,2020,Appartement,2,,,,support insuffisant : 2 < 15
epci,243500634,2020,Maison,220,1247.0,1576.0,2002.0,
epci,243500634,2021,Appartement,6,,,,support insuffisant : 6 < 15
epci,243500634,2021,Maison,182,1344.0,1815.0,2188.0,
epci,243500634,2022,Appartement,2,,,,support insuffisant : 2 < 15
epci,243500634,2022,Maison,155,1725.0,1983.0,2333.0,
epci,243500634,2023,Maison,119,1537.0,2115.0,2512.0,
epci,243500634,2024,Appartement,1,,,,support insuffisant : 1 < 15
epci,243500634,2024,Maison,115,1586.0,2044.0,2446.0,
epci,243500634,2025,Maison,140,1631.0,2018.0,2322.0,
epci,243500659,2014,Appartement,8,,,,support insuffisant : 8 < 15
epci,243500659,2014,Maison,113,1750.0,2044.0,2292.0,
epci,243500659,2015,Appartement,6,,,,support insuffisant : 6 < 15
epci,243500659,2015,Maison,141,1803.0,2066.0,2247.0,
epci,243500659,2016,Appartement,10,,,,support insuffisant : 10 < 15
epci,243500659,2016,Maison,118,1625.0,1988.0,2253.0,
epci,243500659,2017,Appartement,7,,,,support insuffisant : 7 < 15
epci,243500659,2017,Maison,181,1737.0,1992.0,2280.0,
epci,243500659,2018,Appartement,13,,,,support insuffisant : 13 < 15
epci,243500659,2018,Maison,168,1815.0,2153.0,2491.0,
epci,243500659,2019,Appartement,9,,,,support insuffisant : 9 < 15
epci,243500659,2019,Maison,188,1872.0,2205.0,2547.0,
epci,243500659,2020,Appartement,5,,,,support insuffisant : 5 < 15
epci,243500659,2020,Maison,206,1818.0,2227.0,2588.0,
epci,243500659,2021,Appartement,10,,,,support insuffisant : 10 < 15
epci,243500659,2021,Maison,210,2262.0,2532.0,2823.0,
epci,243500659,2022,Appartement,5,,,,support insuffisant : 5 < 15
epci,243500659,2022,Maison,171,2472.0,2783.0,3121.0,
epci,243500659,2023,Appartement,9,,,,support insuffisant : 9 < 15
epci,243500659,2023,Maison,140,2396.0,2811.0,3111.0,
epci,243500659,2024,Appartement,2,,,,support insuffisant : 2 < 15
epci,243500659,2024,Maison,143,2259.0,2660.0,2982.0,
epci,243500659,2025,Appartement,3,,,,support insuffisant : 3 < 15
epci,243500659,2025,Maison,144,2422.0,2784.0,3052.0,
epci,243500667,2014,Appartement,2,,,,support insuffisant : 2 < 15
epci,243500667,2014,Maison,151,1569.0,1798.0,2109.0,
epci,243500667,2015,Appartement,6,,,,support insuffisant : 6 < 15
epci,243500667,2015,Maison,198,1457.0,1761.0,2115.0,
epci,243500667,2016,Appartement,4,,,,support insuffisant : 4 < 15
epci,243500667,2016,Maison,240,1470.0,1856.0,2208.0,
epci,243500667,2017,Appartement,4,,,,support insuffisant : 4 < 15
epci,243500667,2017,Maison,238,1535.0,1882.0,2319.0,
epci,243500667,2018,Appartement,8,,,,support insuffisant : 8 < 15
epci,243500667,2018,Maison,248,1647.0,2000.0,2342.0,
epci,243500667,2019,Appartement,16,1759.0,1867.0,2203.0,
epci,243500667,2019,Maison,268,1661.0,2000.0,2337.0,
epci,243500667,2020,Appartement,11,,,,support insuffisant : 11 < 15
epci,243500667,2020,Maison,259,1778.0,2137.0,2666.0,
epci,243500667,2021,Appartement,8,,,,support insuffisant : 8 < 15
epci,243500667,2021,Maison,245,1918.0,2295.0,2753.0,
epci,243500667,2022,Appartement,3,,,,support insuffisant : 3 < 15
epci,243500667,2022,Maison,206,2125.0,2583.0,3060.0,
epci,243500667,2023,Appartement,11,,,,support insuffisant : 11 < 15
epci,243500667,2023,Maison,176,2197.0,2722.0,3164.0,
epci,243500667,2024,Appartement,4,,,,support insuffisant : 4 < 15
epci,243500667,2024,Maison,158,2088.0,2609.0,2997.0,
epci,243500667,2025,Appartement,7,,,,support insuffisant : 7 < 15
epci,243500667,2025,Maison,181,2182.0,2579.0,2913.0,
epci,243500725,2014,Appartement,63,2269.0,2939.0,3539.0,
epci,243500725,2014,Maison,169,1916.0,2391.0,3025.0,
epci,243500725,2015,Appartement,84,2394.0,3306.0,4245.0,
epci,243500725,2015,Maison,200,1959.0,2459.0,3288.0,
epci,243500725,2016,Appartement,89,2432.0,3156.0,3824.0,
epci,243500725,2016,Maison,245,1952.0,2466.0,3337.0,
epci,243500725,2017,Appartement,137,2333.0,3100.0,3639.0,
epci,243500725,2017,Maison,249,1964.0,2679.0,3403.0,
epci,243500725,2018,Appartement,110,2640.0,3333.0,4138.0,
epci,243500725,2018,Maison,239,2115.0,2780.0,3840.0,
epci,243500725,2019,Appartement,119,2912.0,3529.0,4156.0,
epci,243500725,2019,Maison,269,2273.0,2894.0,3905.0,
epci,243500725,2020,Appartement,84,3333.0,4000.0,4908.0,
epci,243500725,2020,Maison,278,2441.0,3082.0,4291.0,
epci,243500725,2021,Appartement,85,3345.0,4783.0,5784.0,
epci,243500725,2021,Maison,227,2614.0,3518.0,4931.0,
epci,243500725,2022,Appartement,47,4402.0,5060.0,6151.0,
epci,243500725,2022,Maison,207,3346.0,4237.0,6011.0,
epci,243500725,2023,Appartement,49,3840.0,5071.0,6224.0,
epci,243500725,2023,Maison,150,3157.0,3968.0,5692.0,
epci,243500725,2024,Appartement,44,3959.0,5181.0,6162.0,
epci,243500725,2024,Maison,145,3243.0,4225.0,5400.0,
epci,243500725,2025,Appartement,53,4250.0,5159.0,5909.0,
epci,243500725,2025,Maison,153,3380.0,4237.0,5479.0,
epci,243500733,2014,Appartement,3,,,,support insuffisant : 3 < 15
epci,243500733,2014,Maison,97,1148.0,1440.0,1720.0,
epci,243500733,2015,Appartement,6,,,,support insuffisant : 6 < 15
epci,243500733,2015,Maison,120,1069.0,1453.0,1703.0,
epci,243500733,2016,Appartement,2,,,,support insuffisant : 2 < 15
epci,243500733,2016,Maison,151,1136.0,1522.0,1827.0,
epci,243500733,2017,Appartement,5,,,,support insuffisant : 5 < 15
epci,243500733,2017,Maison,159,1324.0,1598.0,1904.0,
epci,243500733,2018,Appartement,7,,,,support insuffisant : 7 < 15
epci,243500733,2018,Maison,151,1272.0,1618.0,1923.0,
epci,243500733,2019,Appartement,10,,,,support insuffisant : 10 < 15
epci,243500733,2019,Maison,193,1358.0,1667.0,1959.0,
epci,243500733,2020,Appartement,6,,,,support insuffisant : 6 < 15
epci,243500733,2020,Maison,186,1216.0,1641.0,2016.0,
epci,243500733,2021,Appartement,5,,,,support insuffisant : 5 < 15
epci,243500733,2021,Maison,197,1543.0,1944.0,2326.0,
epci,243500733,2022,Appartement,4,,,,support insuffisant : 4 < 15
epci,243500733,2022,Maison,141,1778.0,2148.0,2531.0,
epci,243500733,2023,Appartement,4,,,,support insuffisant : 4 < 15
epci,243500733,2023,Maison,142,1816.0,2324.0,2655.0,
epci,243500733,2024,Appartement,1,,,,support insuffisant : 1 < 15
epci,243500733,2024,Maison,117,1871.0,2235.0,2766.0,
epci,243500733,2025,Appartement,5,,,,support insuffisant : 5 < 15
epci,243500733,2025,Maison,136,1844.0,2308.0,2650.0,
epci,243500741,2014,Appartement,11,,,,support insuffisant : 11 < 15
epci,243500741,2014,Maison,91,640.0,1073.0,1414.0,
epci,243500741,2015,Appartement,16,857.0,1185.0,1460.0,
epci,243500741,2015,Maison,118,851.0,1126.0,1429.0,
epci,243500741,2016,Appartement,22,897.0,1119.0,1304.0,
epci,243500741,2016,Maison,149,946.0,1170.0,1438.0,
epci,243500741,2017,Appartement,30,939.0,1144.0,1436.0,
epci,243500741,2017,Maison,153,953.0,1259.0,1500.0,
epci,243500741,2018,Appartement,28,1071.0,1231.0,1444.0,
epci,243500741,2018,Maison,163,927.0,1230.0,1565.0,
epci,243500741,2019,Appartement,34,1031.0,1302.0,1599.0,
epci,243500741,2019,Maison,160,1041.0,1290.0,1615.0,
epci,243500741,2020,Appartement,30,1129.0,1285.0,1485.0,
epci,243500741,2020,Maison,194,1012.0,1385.0,1676.0,
epci,243500741,2021,Appartement,25,1448.0,1717.0,2000.0,
epci,243500741,2021,Maison,138,1121.0,1464.0,1830.0,
epci,243500741,2022,Appartement,18,1700.0,2073.0,2522.0,
epci,243500741,2022,Maison,127,1389.0,1875.0,2249.0,
epci,243500741,2023,Appartement,13,,,,support insuffisant : 13 < 15
epci,243500741,2023,Maison,102,1488.0,1890.0,2329.0,
epci,243500741,2024,Appartement,11,,,,support insuffisant : 11 < 15
epci,243500741,2024,Maison,98,1513.0,1880.0,2162.0,
epci,243500741,2025,Appartement,19,1639.0,1993.0,2451.0,
epci,243500741,2025,Maison,93,1500.0,1905.0,2360.0,
epci,243500774,2014,Appartement,1,,,,support insuffisant : 1 < 15
epci,243500774,2014,Maison,83,1483.0,1750.0,2076.0,
epci,243500774,2015,Appartement,2,,,,support insuffisant : 2 < 15
epci,243500774,2015,Maison,106,1538.0,1753.0,2029.0,
epci,243500774,2016,Maison,97,1577.0,1843.0,2143.0,
epci,243500774,2017,Maison,119,1439.0,1762.0,2134.0,
epci,243500774,2018,Appartement,2,,,,support insuffisant : 2 < 15
epci,243500774,2018,Maison,115,1601.0,1874.0,2253.0,
epci,243500774,2019,Appartement,2,,,,support insuffisant : 2 < 15
epci,243500774,2019,Maison,134,1572.0,1920.0,2311.0,
epci,243500774,2020,Appartement,2,,,,support insuffisant : 2 < 15
epci,243500774,2020,Maison,137,1749.0,2138.0,2444.0,
epci,243500774,2021,Appartement,3,,,,support insuffisant : 3 < 15
epci,243500774,2021,Maison,132,1817.0,2244.0,2639.0,
epci,243500774,2022,Appartement,1,,,,support insuffisant : 1 < 15
epci,243500774,2022,Maison,121,2258.0,2680.0,3106.0,
epci,243500774,2023,Maison,99,2251.0,2568.0,2987.0,
epci,243500774,2024,Appartement,1,,,,support insuffisant : 1 < 15
epci,243500774,2024,Maison,97,2167.0,2500.0,2852.0,
epci,243500774,2025,Appartement,2,,,,support insuffisant : 2 < 15
epci,243500774,2025,Maison,151,2057.0,2462.0,2839.0,
epci,243500782,2014,Appartement,229,1895.0,2417.0,3125.0,
epci,243500782,2014,Maison,386,1710.0,2257.0,2823.0,
epci,243500782,2015,Appartement,257,2000.0,2493.0,2938.0,
epci,243500782,2015,Maison,465,1691.0,2108.0,2625.0,
epci,243500782,2016,Appartement,322,1943.0,2561.0,3275.0,
epci,243500782,2016,Maison,507,1746.0,2245.0,2995.0,
epci,243500782,2017,Appartement,331,2140.0,2823.0,3522.0,
epci,243500782,2017,Maison,599,1820.0,2289.0,3075.0,
epci,243500782,2018,Appartement,324,2418.0,3127.0,4103.0,
epci,243500782,2018,Maison,546,1893.0,2500.0,3257.0,
epci,243500782,2019,Appartement,392,2657.0,3333.0,4261.0,
epci,243500782,2019,Maison,589,1905.0,2549.0,3624.0,
epci,243500782,2020,Appartement,348,2914.0,3613.0,4444.0,
epci,243500782,2020,Maison,569,2175.0,2857.0,3977.0,
epci,243500782,2021,Appartement,211,3309.0,4250.0,5163.0,
epci,243500782,2021,Maison,480,2296.0,3095.0,4209.0,
epci,243500782,2022,Appartement,134,3739.0,4501.0,5414.0,
epci,243500782,2022,Maison,408,2636.0,3450.0,4568.0,
epci,243500782,2023,Appartement,96,3817.0,4546.0,5279.0,
epci,243500782,2023,Maison,298,2608.0,3339.0,4903.0,
epci,243500782,2024,Appartement,102,3565.0,4414.0,5565.0,
epci,243500782,2024,Maison,301,2740.0,3667.0,4693.0,
epci,243500782,2025,Appartement,100,3720.0,4439.0,5556.0,
epci,243500782,2025,Maison,355,2628.0,3459.0,4532.0,
commune,35001,2014,Maison,21,2143.0,2152.0,2500.0,
commune,35001,2015,Maison,26,1924.0,2134.0,2430.0,
commune,35001,2016,Maison,46,1907.0,2359.0,2536.0,
commune,35001,2017,Maison,29,2060.0,2282.0,2512.0,
commune,35001,2018,Maison,39,1982.0,2378.0,2705.0,
commune,35001,2019,Maison,30,2309.0,2416.0,2741.0,
commune,35001,2020,Appartement,1,,,,support insuffisant : 1 < 15
commune,35001,2020,Maison,31,2387.0,2708.0,2950.0,
commune,35001,2021,Maison,35,2701.0,2952.0,3257.0,
commune,35001,2022,Appartement,2,,,,support insuffisant : 2 < 15
commune,35001,2022,Maison,29,2810.0,3366.0,3637.0,
commune,35001,2023,Appartement,1,,,,support insuffisant : 1 < 15
commune,35001,2023,Maison,19,3048.0,3165.0,3325.0,
commune,35001,2024,Appartement,2,,,,support insuffisant : 2 < 15
commune,35001,2024,Maison,17,2890.0,3060.0,3412.0,
commune,35001,2025,Appartement,1,,,,support insuffisant : 1 < 15
commune,35001,2025,Maison,17,2821.0,3088.0,3374.0,
commune,35002,2014,Maison,5,,,,support insuffisant : 5 < 15
commune,35002,2015,Maison,7,,,,support insuffisant : 7 < 15
commune,35002,2016,Maison,10,,,,support insuffisant : 10 < 15
commune,35002,2017,Maison,8,,,,support insuffisant : 8 < 15
commune,35002,2018,Maison,14,,,,support insuffisant : 14 < 15
commune,35002,2019,Maison,14,,,,support insuffisant : 14 < 15
commune,35002,2020,Maison,8,,,,support insuffisant : 8 < 15
commune,35002,2021,Maison,12,,,,support insuffisant : 12 < 15
commune,35002,2022,Maison,8,,,,support insuffisant : 8 < 15
commune,35002,2023,Maison,7,,,,support insuffisant : 7 < 15
commune,35002,2024,Maison,6,,,,support insuffisant : 6 < 15
commune,35002,2025,Maison,7,,,,support insuffisant : 7 < 15
commune,35003,2014,Maison,4,,,,support insuffisant : 4 < 15
commune,35003,2015,Maison,5,,,,support insuffisant : 5 < 15
commune,35003,2016,Maison,8,,,,support insuffisant : 8 < 15
commune,35003,2017,Maison,6,,,,support insuffisant : 6 < 15
commune,35003,2018,Maison,5,,,,support insuffisant : 5 < 15
commune,35003,2019,Maison,8,,,,support insuffisant : 8 < 15
commune,35003,2020,Maison,12,,,,support insuffisant : 12 < 15
commune,35003,2021,Maison,6,,,,support insuffisant : 6 < 15
commune,35003,2022,Maison,4,,,,support insuffisant : 4 < 15
commune,35003,2023,Maison,9,,,,support insuffisant : 9 < 15
commune,35003,2024,Maison,7,,,,support insuffisant : 7 < 15
commune,35003,2025,Maison,5,,,,support insuffisant : 5 < 15
commune,35004,2014,Maison,7,,,,support insuffisant : 7 < 15
commune,35004,2015,Maison,8,,,,support insuffisant : 8 < 15
commune,35004,2016,Maison,3,,,,support insuffisant : 3 < 15
commune,35004,2017,Maison,10,,,,support insuffisant : 10 < 15
commune,35004,2018,Appartement,1,,,,support insuffisant : 1 < 15
commune,35004,2018,Maison,11,,,,support insuffisant : 11 < 15
commune,35004,2019,Appartement,1,,,,support insuffisant : 1 < 15
commune,35004,2019,Maison,16,991.0,1099.0,1414.0,
commune,35004,2020,Maison,27,648.0,917.0,1131.0,
commune,35004,2021,Maison,28,685.0,1198.0,1467.0,
commune,35004,2022,Maison,24,1011.0,1294.0,1671.0,
commune,35004,2023,Appartement,1,,,,support insuffisant : 1 < 15
commune,35004,2023,Maison,15,759.0,1111.0,1486.0,
commune,35004,2024,Maison,19,1018.0,1349.0,1772.0,
commune,35004,2025,Maison,18,819.0,1093.0,1741.0,
commune,35005,2015,Maison,1,,,,support insuffisant : 1 < 15
commune,35005,2017,Maison,1,,,,support insuffisant : 1 < 15
commune,35005,2018,Maison,2,,,,support insuffisant : 2 < 15
commune,35005,2019,Maison,1,,,,support insuffisant : 1 < 15
commune,35005,2020,Maison,1,,,,support insuffisant : 1 < 15
commune,35005,2021,Maison,2,,,,support insuffisant : 2 < 15
commune,35005,2023,Maison,1,,,,support insuffisant : 1 < 15
commune,35005,2025,Maison,2,,,,support insuffisant : 2 < 15
commune,35006,2014,Maison,9,,,,support insuffisant : 9 < 15
commune,35006,2015,Appartement,2,,,,support insuffisant : 2 < 15
commune,35006,2015,Maison,25,1358.0,1480.0,1733.0,
commune,35006,2016,Maison,17,1528.0,1625.0,1889.0,
commune,35006,2017,Maison,24,1207.0,1458.0,1726.0,
commune,35006,2018,Maison,30,1171.0,1474.0,1633.0,
commune,35006,2019,Maison,36,1366.0,1605.0,1830.0,
commune,35006,2020,Appartement,2,,,,support insuffisant : 2 < 15
commune,35006,2020,Maison,29,1494.0,1682.0,1900.0,
commune,35006,2021,Maison,26,1636.0,1804.0,2067.0,
commune,35006,2022,Maison,31,1769.0,2159.0,2402.0,
commune,35006,2023,Appartement,3,,,,support insuffisant : 3 < 15
commune,35006,2023,Maison,13,,,,support insuffisant : 13 < 15
commune,35006,2024,Appartement,3,,,,support insuffisant : 3 < 15
commune,35006,2024,Maison,26,1772.0,2087.0,2371.0,
commune,35006,2025,Appartement,1,,,,support insuffisant : 1 < 15
commune,35006,2025,Maison,17,1732.0,2046.0,2325.0,
commune,35007,2014,Maison,3,,,,support insuffisant : 3 < 15
commune,35007,2016,Maison,6,,,,support insuffisant : 6 < 15
commune,35007,2017,Maison,6,,,,support insuffisant : 6 < 15
commune,35007,2018,Maison,4,,,,support insuffisant : 4 < 15
commune,35007,2019,Maison,6,,,,support insuffisant : 6 < 15
commune,35007,2020,Maison,5,,,,support insuffisant : 5 < 15
commune,35007,2021,Maison,6,,,,support insuffisant : 6 < 15
commune,35007,2022,Maison,3,,,,support insuffisant : 3 < 15
commune,35007,2023,Maison,2,,,,support insuffisant : 2 < 15
commune,35007,2024,Maison,4,,,,support insuffisant : 4 < 15
commune,35007,2025,Maison,5,,,,support insuffisant : 5 < 15
commune,35008,2014,Maison,5,,,,support insuffisant : 5 < 15
commune,35008,2016,Maison,2,,,,support insuffisant : 2 < 15
commune,35008,2017,Maison,1,,,,support insuffisant : 1 < 15
commune,35008,2018,Maison,2,,,,support insuffisant : 2 < 15
commune,35008,2019,Maison,4,,,,support insuffisant : 4 < 15
commune,35008,2020,Maison,4,,,,support insuffisant : 4 < 15
commune,35008,2021,Maison,4,,,,support insuffisant : 4 < 15
commune,35008,2022,Maison,3,,,,support insuffisant : 3 < 15
commune,35008,2024,Maison,1,,,,support insuffisant : 1 < 15
commune,35008,2025,Maison,1,,,,support insuffisant : 1 < 15
commune,35009,2014,Maison,5,,,,support insuffisant : 5 < 15
commune,35009,2015,Maison,5,,,,support insuffisant : 5 < 15
commune,35009,2016,Maison,6,,,,support insuffisant : 6 < 15
commune,35009,2017,Maison,12,,,,support insuffisant : 12 < 15
commune,35009,2018,Maison,9,,,,support insuffisant : 9 < 15
commune,35009,2019,Appartement,1,,,,support insuffisant : 1 < 15
commune,35009,2019,Maison,9,,,,support insuffisant : 9 < 15
commune,35009,2020,Maison,13,,,,support insuffisant : 13 < 15
commune,35009,2021,Maison,6,,,,support insuffisant : 6 < 15
commune,35009,2022,Maison,7,,,,support insuffisant : 7 < 15
commune,35009,2023,Maison,3,,,,support insuffisant : 3 < 15
commune,35009,2024,Maison,4,,,,support insuffisant : 4 < 15
commune,35009,2025,Maison,4,,,,support insuffisant : 4 < 15
commune,35010,2014,Maison,4,,,,support insuffisant : 4 < 15
commune,35010,2015,Maison,5,,,,support insuffisant : 5 < 15
commune,35010,2016,Maison,7,,,,support insuffisant : 7 < 15
commune,35010,2017,Maison,8,,,,support insuffisant : 8 < 15
commune,35010,2018,Maison,12,,,,support insuffisant : 12 < 15
commune,35010,2019,Maison,7,,,,support insuffisant : 7 < 15
commune,35010,2020,Maison,5,,,,support insuffisant : 5 < 15
commune,35010,2021,Maison,11,,,,support insuffisant : 11 < 15
commune,35010,2022,Maison,4,,,,support insuffisant : 4 < 15
commune,35010,2023,Maison,4,,,,support insuffisant : 4 < 15
commune,35010,2024,Maison,5,,,,support insuffisant : 5 < 15
commune,35010,2025,Maison,5,,,,support insuffisant : 5 < 15
commune,35012,2014,Appartement,6,,,,support insuffisant : 6 < 15
commune,35012,2014,Maison,40,1320.0,1496.0,1689.0,
commune,35012,2015,Appartement,5,,,,support insuffisant : 5 < 15
commune,35012,2015,Maison,48,1396.0,1638.0,1777.0,
commune,35012,2016,Appartement,5,,,,support insuffisant : 5 < 15
commune,35012,2016,Maison,56,1414.0,1651.0,1903.0,
commune,35012,2017,Appartement,5,,,,support insuffisant : 5 < 15
commune,35012,2017,Maison,54,1381.0,1612.0,1768.0,
commune,35012,2018,Appartement,4,,,,support insuffisant : 4 < 15
commune,35012,2018,Maison,57,1376.0,1681.0,1874.0,
commune,35012,2019,Appartement,2,,,,support insuffisant : 2 < 15
commune,35012,2019,Maison,62,1380.0,1693.0,1909.0,
commune,35012,2020,Appartement,7,,,,support insuffisant : 7 < 15
commune,35012,2020,Maison,52,1669.0,1784.0,1975.0,
commune,35012,2021,Appartement,4,,,,support insuffisant : 4 < 15
commune,35012,2021,Maison,44,1701.0,1974.0,2165.0,
commune,35012,2022,Appartement,3,,,,support insuffisant : 3 < 15
commune,35012,2022,Maison,57,1900.0,2309.0,2565.0,
commune,35012,2023,Appartement,3,,,,support insuffisant : 3 < 15
commune,35012,2023,Maison,42,1789.0,2182.0,2421.0,
commune,35012,2024,Appartement,1,,,,support insuffisant : 1 < 15
commune,35012,2024,Maison,30,1877.0,2077.0,2285.0,
commune,35012,2025,Appartement,1,,,,support insuffisant : 1 < 15
commune,35012,2025,Maison,38,2027.0,2354.0,2675.0,
commune,35013,2014,Maison,15,1174.0,1372.0,1616.0,
commune,35013,2015,Maison,21,976.0,1278.0,1469.0,
commune,35013,2016,Maison,30,1054.0,1316.0,1435.0,
commune,35013,2017,Maison,20,1061.0,1358.0,1418.0,
commune,35013,2018,Maison,29,906.0,1160.0,1538.0,
commune,35013,2019,Maison,31,1124.0,1394.0,1673.0,
commune,35013,2020,Maison,27,1053.0,1429.0,1610.0,
commune,35013,2021,Maison,10,,,,support insuffisant : 10 < 15
commune,35013,2022,Maison,15,1379.0,1780.0,2066.0,
commune,35013,2023,Maison,11,,,,support insuffisant : 11 < 15
commune,35013,2024,Maison,15,1639.0,1812.0,2017.0,
commune,35013,2025,Maison,14,,,,support insuffisant : 14 < 15
commune,35014,2014,Maison,15,695.0,1146.0,1475.0,
commune,35014,2015,Maison,15,806.0,1250.0,1454.0,
commune,35014,2016,Appartement,1,,,,support insuffisant : 1 < 15
commune,35014,2016,Maison,10,,,,support insuffisant : 10 < 15
commune,35014,2017,Maison,17,926.0,1266.0,1461.0,
commune,35014,2018,Maison,20,777.0,1438.0,1631.0,
commune,35014,2019,Appartement,1,,,,support insuffisant : 1 < 15
commune,35014,2019,Maison,21,1436.0,1690.0,1903.0,
commune,35014,2020,Maison,14,,,,support insuffisant : 14 < 15
commune,35014,2021,Maison,13,,,,support insuffisant : 13 < 15
commune,35014,2022,Maison,18,1922.0,2048.0,2279.0,
commune,35014,2023,Maison,13,,,,support insuffisant : 13 < 15
commune,35014,2024,Maison,5,,,,support insuffisant : 5 < 15
commune,35014,2025,Maison,6,,,,support insuffisant : 6 < 15
commune,35015,2014,Maison,8,,,,support insuffisant : 8 < 15
commune,35015,2015,Maison,14,,,,support insuffisant : 14 < 15
commune,35015,2016,Maison,12,,,,support insuffisant : 12 < 15
commune,35015,2017,Maison,19,1263.0,1368.0,1486.0,
commune,35015,2018,Maison,14,,,,support insuffisant : 14 < 15
commune,35015,2019,Maison,13,,,,support insuffisant : 13 < 15
commune,35015,2020,Maison,14,,,,support insuffisant : 14 < 15
commune,35015,2021,Maison,15,1196.0,1472.0,1851.0,
commune,35015,2022,Maison,14,,,,support insuffisant : 14 < 15
commune,35015,2023,Maison,11,,,,support insuffisant : 11 < 15
commune,35015,2024,Maison,6,,,,support insuffisant : 6 < 15
commune,35015,2025,Maison,13,,,,support insuffisant : 13 < 15
commune,35016,2014,Maison,12,,,,support insuffisant : 12 < 15
commune,35016,2015,Maison,12,,,,support insuffisant : 12 < 15
commune,35016,2016,Maison,15,1303.0,1491.0,1625.0,
commune,35016,2017,Maison,16,1424.0,1597.0,1976.0,
commune,35016,2018,Maison,20,1156.0,1585.0,1782.0,
commune,35016,2019,Maison,22,1495.0,1697.0,1931.0,
commune,35016,2020,Maison,17,1145.0,1520.0,1685.0,
commune,35016,2021,Maison,20,1717.0,1991.0,2347.0,
commune,35016,2022,Maison,12,,,,support insuffisant : 12 < 15
commune,35016,2023,Maison,15,1981.0,2136.0,2455.0,
commune,35016,2024,Maison,9,,,,support insuffisant : 9 < 15
commune,35016,2025,Maison,5,,,,support insuffisant : 5 < 15
commune,35017,2014,Maison,3,,,,support insuffisant : 3 < 15
commune,35017,2016,Maison,2,,,,support insuffisant : 2 < 15
commune,35017,2017,Maison,1,,,,support insuffisant : 1 < 15
commune,35017,2018,Maison,1,,,,support insuffisant : 1 < 15
commune,35017,2019,Maison,4,,,,support insuffisant : 4 < 15
commune,35017,2020,Maison,4,,,,support insuffisant : 4 < 15
commune,35017,2021,Maison,3,,,,support insuffisant : 3 < 15
commune,35017,2022,Maison,5,,,,support insuffisant : 5 < 15
commune,35017,2023,Maison,3,,,,support insuffisant : 3 < 15
commune,35017,2024,Maison,4,,,,support insuffisant : 4 < 15
commune,35017,2025,Maison,2,,,,support insuffisant : 2 < 15
commune,35018,2014,Maison,1,,,,support insuffisant : 1 < 15
commune,35018,2015,Maison,3,,,,support insuffisant : 3 < 15
commune,35018,2017,Maison,2,,,,support insuffisant : 2 < 15
commune,35018,2018,Maison,1,,,,support insuffisant : 1 < 15
commune,35018,2019,Maison,5,,,,support insuffisant : 5 < 15
commune,35018,2020,Maison,2,,,,support insuffisant : 2 < 15
commune,35018,2021,Maison,2,,,,support insuffisant : 2 < 15
commune,35018,2024,Maison,1,,,,support insuffisant : 1 < 15
commune,35018,2025,Maison,3,,,,support insuffisant : 3 < 15
commune,35019,2014,Maison,5,,,,support insuffisant : 5 < 15
commune,35019,2015,Maison,5,,,,support insuffisant : 5 < 15
commune,35019,2016,Maison,12,,,,support insuffisant : 12 < 15
commune,35019,2017,Maison,6,,,,support insuffisant : 6 < 15
commune,35019,2018,Maison,3,,,,support insuffisant : 3 < 15
commune,35019,2019,Maison,5,,,,support insuffisant : 5 < 15
commune,35019,2020,Maison,7,,,,support insuffisant : 7 < 15
commune,35019,2021,Maison,6,,,,support insuffisant : 6 < 15
commune,35019,2022,Maison,5,,,,support insuffisant : 5 < 15
commune,35019,2023,Maison,8,,,,support insuffisant : 8 < 15
commune,35019,2024,Maison,3,,,,support insuffisant : 3 < 15
commune,35019,2025,Maison,8,,,,support insuffisant : 8 < 15
commune,35021,2014,Maison,11,,,,support insuffisant : 11 < 15
commune,35021,2015,Maison,3,,,,support insuffisant : 3 < 15
commune,35021,2016,Maison,3,,,,support insuffisant : 3 < 15
commune,35021,2017,Maison,8,,,,support insuffisant : 8 < 15
commune,35021,2018,Maison,9,,,,support insuffisant : 9 < 15
commune,35021,2019,Maison,10,,,,support insuffisant : 10 < 15
commune,35021,2020,Maison,14,,,,support insuffisant : 14 < 15
commune,35021,2021,Maison,14,,,,support insuffisant : 14 < 15
commune,35021,2022,Maison,12,,,,support insuffisant : 12 < 15
commune,35021,2023,Maison,6,,,,support insuffisant : 6 < 15
commune,35021,2024,Maison,7,,,,support insuffisant : 7 < 15
commune,35021,2025,Maison,7,,,,support insuffisant : 7 < 15
commune,35022,2014,Maison,2,,,,support insuffisant : 2 < 15
commune,35022,2015,Maison,5,,,,support insuffisant : 5 < 15
commune,35022,2016,Maison,3,,,,support insuffisant : 3 < 15
commune,35022,2017,Maison,2,,,,support insuffisant : 2 < 15
commune,35022,2018,Maison,8,,,,support insuffisant : 8 < 15
commune,35022,2019,Maison,1,,,,support insuffisant : 1 < 15
commune,35022,2020,Maison,7,,,,support insuffisant : 7 < 15
commune,35022,2021,Maison,3,,,,support insuffisant : 3 < 15
commune,35022,2022,Maison,5,,,,support insuffisant : 5 < 15
commune,35022,2023,Maison,2,,,,support insuffisant : 2 < 15
commune,35022,2024,Maison,4,,,,support insuffisant : 4 < 15
commune,35022,2025,Maison,1,,,,support insuffisant : 1 < 15
commune,35023,2014,Appartement,3,,,,support insuffisant : 3 < 15
commune,35023,2014,Maison,19,1585.0,1830.0,1960.0,
commune,35023,2015,Appartement,1,,,,support insuffisant : 1 < 15
commune,35023,2015,Maison,22,1696.0,1937.0,2065.0,
commune,35023,2016,Appartement,1,,,,support insuffisant : 1 < 15
commune,35023,2016,Maison,19,1494.0,1667.0,1956.0,
commune,35023,2017,Appartement,2,,,,support insuffisant : 2 < 15
commune,35023,2017,Maison,27,1433.0,1875.0,2049.0,
commune,35023,2018,Appartement,2,,,,support insuffisant : 2 < 15
commune,35023,2018,Maison,28,1684.0,1828.0,2098.0,
commune,35023,2019,Appartement,1,,,,support insuffisant : 1 < 15
commune,35023,2019,Maison,33,1694.0,1969.0,2151.0,
commune,35023,2020,Appartement,4,,,,support insuffisant : 4 < 15
commune,35023,2020,Maison,30,1497.0,2025.0,2222.0,
commune,35023,2021,Appartement,1,,,,support insuffisant : 1 < 15
commune,35023,2021,Maison,40,2170.0,2498.0,2708.0,
commune,35023,2022,Maison,28,2204.0,2438.0,2705.0,
commune,35023,2023,Appartement,1,,,,support insuffisant : 1 < 15
commune,35023,2023,Maison,16,2418.0,2782.0,2970.0,
commune,35023,2024,Appartement,1,,,,support insuffisant : 1 < 15
commune,35023,2024,Maison,18,2126.0,2541.0,2759.0,
commune,35023,2025,Appartement,1,,,,support insuffisant : 1 < 15
commune,35023,2025,Maison,21,2135.0,2422.0,2717.0,
commune,35024,2014,Appartement,2,,,,support insuffisant : 2 < 15
commune,35024,2014,Maison,66,2063.0,2413.0,2756.0,
commune,35024,2015,Appartement,3,,,,support insuffisant : 3 < 15
commune,35024,2015,Maison,95,1952.0,2166.0,2483.0,
commune,35024,2016,Appartement,1,,,,support insuffisant : 1 < 15
commune,35024,2016,Maison,55,2017.0,2339.0,2681.0,
commune,35024,2017,Maison,62,2133.0,2515.0,2731.0,
commune,35024,2018,Maison,77,2103.0,2548.0,2946.0,
commune,35024,2019,Appartement,1,,,,support insuffisant : 1 < 15
commune,35024,2019,Maison,74,2355.0,2723.0,3116.0,
commune,35024,2020,Appartement,1,,,,support insuffisant : 1 < 15
commune,35024,2020,Maison,70,2506.0,2965.0,3291.0,
commune,35024,2021,Appartement,1,,,,support insuffisant : 1 < 15
commune,35024,2021,Maison,74,2834.0,3226.0,3524.0,
commune,35024,2022,Appartement,4,,,,support insuffisant : 4 < 15
commune,35024,2022,Maison,56,3299.0,3604.0,4072.0,
commune,35024,2023,Appartement,5,,,,support insuffisant : 5 < 15
commune,35024,2023,Maison,65,3084.0,3521.0,3857.0,
commune,35024,2024,Appartement,1,,,,support insuffisant : 1 < 15
commune,35024,2024,Maison,33,3085.0,3535.0,3825.0,
commune,35024,2025,Maison,58,2854.0,3308.0,3762.0,
commune,35025,2014,Maison,3,,,,support insuffisant : 3 < 15
commune,35025,2015,Maison,9,,,,support insuffisant : 9 < 15
commune,35025,2016,Maison,5,,,,support insuffisant : 5 < 15
commune,35025,2017,Maison,7,,,,support insuffisant : 7 < 15
commune,35025,2018,Maison,7,,,,support insuffisant : 7 < 15
commune,35025,2019,Maison,7,,,,support insuffisant : 7 < 15
commune,35025,2020,Maison,9,,,,support insuffisant : 9 < 15
commune,35025,2021,Maison,13,,,,support insuffisant : 13 < 15
commune,35025,2022,Maison,3,,,,support insuffisant : 3 < 15
commune,35025,2024,Maison,7,,,,support insuffisant : 7 < 15
commune,35025,2025,Maison,4,,,,support insuffisant : 4 < 15
commune,35026,2017,Maison,1,,,,support insuffisant : 1 < 15
commune,35026,2018,Maison,1,,,,support insuffisant : 1 < 15
commune,35026,2021,Maison,1,,,,support insuffisant : 1 < 15
commune,35026,2024,Maison,1,,,,support insuffisant : 1 < 15
commune,35027,2014,Maison,7,,,,support insuffisant : 7 < 15
commune,35027,2015,Maison,15,786.0,1176.0,1494.0,
commune,35027,2016,Maison,7,,,,support insuffisant : 7 < 15
commune,35027,2017,Maison,14,,,,support insuffisant : 14 < 15
commune,35027,2018,Maison,10,,,,support insuffisant : 10 < 15
commune,35027,2019,Maison,8,,,,support insuffisant : 8 < 15
commune,35027,2020,Maison,23,1192.0,1726.0,1964.0,
commune,35027,2021,Maison,15,1729.0,1934.0,2056.0,
commune,35027,2022,Maison,6,,,,support insuffisant : 6 < 15
commune,35027,2023,Maison,11,,,,support insuffisant : 11 < 15
commune,35027,2024,Maison,8,,,,support insuffisant : 8 < 15
commune,35027,2025,Maison,14,,,,support insuffisant : 14 < 15
commune,35028,2014,Maison,2,,,,support insuffisant : 2 < 15
commune,35028,2015,Maison,2,,,,support insuffisant : 2 < 15
commune,35028,2016,Maison,2,,,,support insuffisant : 2 < 15
commune,35028,2017,Maison,5,,,,support insuffisant : 5 < 15
commune,35028,2018,Maison,6,,,,support insuffisant : 6 < 15
commune,35028,2019,Maison,4,,,,support insuffisant : 4 < 15
commune,35028,2020,Maison,8,,,,support insuffisant : 8 < 15
commune,35028,2021,Maison,9,,,,support insuffisant : 9 < 15
commune,35028,2022,Maison,7,,,,support insuffisant : 7 < 15
commune,35028,2023,Maison,8,,,,support insuffisant : 8 < 15
commune,35028,2024,Maison,3,,,,support insuffisant : 3 < 15
commune,35028,2025,Maison,5,,,,support insuffisant : 5 < 15
commune,35029,2014,Appartement,1,,,,support insuffisant : 1 < 15
commune,35029,2014,Maison,3,,,,support insuffisant : 3 < 15
commune,35029,2015,Maison,1,,,,support insuffisant : 1 < 15
commune,35029,2016,Maison,4,,,,support insuffisant : 4 < 15
commune,35029,2017,Maison,7,,,,support insuffisant : 7 < 15
commune,35029,2018,Maison,7,,,,support insuffisant : 7 < 15
commune,35029,2019,Maison,11,,,,support insuffisant : 11 < 15
commune,35029,2020,Maison,8,,,,support insuffisant : 8 < 15
commune,35029,2021,Maison,5,,,,support insuffisant : 5 < 15
commune,35029,2022,Maison,5,,,,support insuffisant : 5 < 15
commune,35029,2023,Maison,10,,,,support insuffisant : 10 < 15
commune,35029,2024,Maison,6,,,,support insuffisant : 6 < 15
commune,35029,2025,Maison,3,,,,support insuffisant : 3 < 15
commune,35030,2014,Maison,5,,,,support insuffisant : 5 < 15
commune,35030,2015,Maison,8,,,,support insuffisant : 8 < 15
commune,35030,2016,Maison,2,,,,support insuffisant : 2 < 15
commune,35030,2017,Maison,8,,,,support insuffisant : 8 < 15
commune,35030,2018,Maison,3,,,,support insuffisant : 3 < 15
commune,35030,2019,Maison,7,,,,support insuffisant : 7 < 15
commune,35030,2020,Maison,4,,,,support insuffisant : 4 < 15
commune,35030,2021,Maison,2,,,,support insuffisant : 2 < 15
commune,35030,2022,Maison,2,,,,support insuffisant : 2 < 15
commune,35030,2023,Maison,1,,,,support insuffisant : 1 < 15
commune,35030,2024,Maison,2,,,,support insuffisant : 2 < 15
commune,35030,2025,Maison,1,,,,support insuffisant : 1 < 15
commune,35031,2014,Maison,1,,,,support insuffisant : 1 < 15
commune,35031,2015,Maison,7,,,,support insuffisant : 7 < 15
commune,35031,2016,Maison,3,,,,support insuffisant : 3 < 15
commune,35031,2017,Maison,7,,,,support insuffisant : 7 < 15
commune,35031,2018,Maison,2,,,,support insuffisant : 2 < 15
commune,35031,2019,Maison,4,,,,support insuffisant : 4 < 15
commune,35031,2020,Maison,2,,,,support insuffisant : 2 < 15
commune,35031,2021,Maison,5,,,,support insuffisant : 5 < 15
commune,35031,2023,Maison,1,,,,support insuffisant : 1 < 15
commune,35031,2024,Maison,4,,,,support insuffisant : 4 < 15
commune,35031,2025,Appartement,1,,,,support insuffisant : 1 < 15
commune,35031,2025,Maison,28,1985.0,2386.0,2748.0,
commune,35032,2014,Maison,14,,,,support insuffisant : 14 < 15
commune,35032,2015,Maison,24,1576.0,1741.0,1865.0,
commune,35032,2016,Maison,23,1588.0,1777.0,1940.0,
commune,35032,2017,Maison,37,1769.0,1911.0,2031.0,
commune,35032,2018,Maison,29,2077.0,2233.0,2394.0,
commune,35032,2019,Maison,61,1885.0,1966.0,2241.0,
commune,35032,2020,Maison,40,2023.0,2143.0,2323.0,
commune,35032,2021,Maison,31,2333.0,2495.0,2686.0,
commune,35032,2022,Maison,34,2504.0,2805.0,3081.0,
commune,35032,2023,Maison,20,2592.0,2828.0,2985.0,
commune,35032,2024,Maison,25,2354.0,2558.0,2948.0,
commune,35032,2025,Maison,19,2475.0,2619.0,2966.0,
commune,35033,2014,Maison,14,,,,support insuffisant : 14 < 15
commune,35033,2015,Maison,20,1248.0,1477.0,1727.0,
commune,35033,2016,Maison,23,1506.0,1667.0,1916.0,
commune,35033,2017,Maison,28,1520.0,1728.0,1890.0,
commune,35033,2018,Maison,36,1490.0,1734.0,1971.0,
commune,35033,2019,Maison,18,1652.0,1809.0,1986.0,
commune,35033,2020,Maison,22,1581.0,1760.0,2098.0,
commune,35033,2021,Maison,14,,,,support insuffisant : 14 < 15
commune,35033,2022,Maison,18,2097.0,2274.0,2503.0,
commune,35033,2023,Maison,13,,,,support insuffisant : 13 < 15
commune,35033,2024,Maison,15,2175.0,2404.0,2609.0,
commune,35033,2025,Maison,18,1642.0,2189.0,2466.0,
commune,35034,2014,Maison,1,,,,support insuffisant : 1 < 15
commune,35034,2015,Maison,5,,,,support insuffisant : 5 < 15
commune,35034,2016,Maison,2,,,,support insuffisant : 2 < 15
commune,35034,2017,Maison,4,,,,support insuffisant : 4 < 15
commune,35034,2018,Maison,8,,,,support insuffisant : 8 < 15
commune,35034,2019,Maison,4,,,,support insuffisant : 4 < 15
commune,35034,2020,Maison,7,,,,support insuffisant : 7 < 15
commune,35034,2021,Appartement,1,,,,support insuffisant : 1 < 15
commune,35034,2021,Maison,4,,,,support insuffisant : 4 < 15
commune,35034,2022,Maison,6,,,,support insuffisant : 6 < 15
commune,35034,2023,Maison,5,,,,support insuffisant : 5 < 15
commune,35034,2024,Maison,1,,,,support insuffisant : 1 < 15
commune,35034,2025,Maison,1,,,,support insuffisant : 1 < 15
commune,35035,2014,Maison,2,,,,support insuffisant : 2 < 15
commune,35035,2015,Maison,5,,,,support insuffisant : 5 < 15
commune,35035,2016,Maison,4,,,,support insuffisant : 4 < 15
commune,35035,2017,Maison,6,,,,support insuffisant : 6 < 15
commune,35035,2018,Maison,6,,,,support insuffisant : 6 < 15
commune,35035,2019,Maison,5,,,,support insuffisant : 5 < 15
commune,35035,2020,Maison,5,,,,support insuffisant : 5 < 15
commune,35035,2021,Maison,3,,,,support insuffisant : 3 < 15
commune,35035,2022,Maison,2,,,,support insuffisant : 2 < 15
commune,35035,2023,Maison,4,,,,support insuffisant : 4 < 15
commune,35035,2024,Maison,2,,,,support insuffisant : 2 < 15
commune,35035,2025,Maison,6,,,,support insuffisant : 6 < 15
commune,35037,2014,Appartement,4,,,,support insuffisant : 4 < 15
commune,35037,2014,Maison,37,1714.0,1933.0,2086.0,
commune,35037,2015,Appartement,1,,,,support insuffisant : 1 < 15
commune,35037,2015,Maison,35,1863.0,1967.0,2172.0,
commune,35037,2016,Appartement,1,,,,support insuffisant : 1 < 15
commune,35037,2016,Maison,46,1539.0,1821.0,2085.0,
commune,35037,2017,Appartement,1,,,,support insuffisant : 1 < 15
commune,35037,2017,Maison,41,1617.0,1916.0,2179.0,
commune,35037,2018,Appartement,1,,,,support insuffisant : 1 < 15
commune,35037,2018,Maison,46,1872.0,2062.0,2258.0,
commune,35037,2019,Maison,42,1976.0,2249.0,2557.0,
commune,35037,2020,Appartement,3,,,,support insuffisant : 3 < 15
commune,35037,2020,Maison,51,1744.0,2312.0,2506.0,
commune,35037,2021,Appartement,2,,,,support insuffisant : 2 < 15
commune,35037,2021,Maison,44,2061.0,2485.0,2782.0,
commune,35037,2022,Appartement,3,,,,support insuffisant : 3 < 15
commune,35037,2022,Maison,35,2528.0,2725.0,3084.0,
commune,35037,2023,Appartement,1,,,,support insuffisant : 1 < 15
commune,35037,2023,Maison,28,2278.0,2791.0,3116.0,
commune,35037,2024,Appartement,1,,,,support insuffisant : 1 < 15
commune,35037,2024,Maison,34,2070.0,2390.0,2661.0,
commune,35037,2025,Appartement,3,,,,support insuffisant : 3 < 15
commune,35037,2025,Maison,29,2246.0,2564.0,2872.0,
commune,35038,2014,Maison,3,,,,support insuffisant : 3 < 15
commune,35038,2015,Maison,4,,,,support insuffisant : 4 < 15
commune,35038,2016,Maison,7,,,,support insuffisant : 7 < 15
commune,35038,2017,Maison,11,,,,support insuffisant : 11 < 15
commune,35038,2018,Maison,4,,,,support insuffisant : 4 < 15
commune,35038,2019,Maison,7,,,,support insuffisant : 7 < 15
commune,35038,2020,Maison,3,,,,support insuffisant : 3 < 15
commune,35038,2021,Maison,5,,,,support insuffisant : 5 < 15
commune,35038,2022,Maison,4,,,,support insuffisant : 4 < 15
commune,35038,2023,Maison,2,,,,support insuffisant : 2 < 15
commune,35038,2024,Maison,3,,,,support insuffisant : 3 < 15
commune,35038,2025,Maison,3,,,,support insuffisant : 3 < 15
commune,35039,2014,Maison,18,1842.0,1925.0,2077.0,
commune,35039,2015,Maison,15,1799.0,1934.0,2074.0,
commune,35039,2016,Maison,17,1629.0,1733.0,2176.0,
commune,35039,2017,Maison,11,,,,support insuffisant : 11 < 15
commune,35039,2018,Appartement,1,,,,support insuffisant : 1 < 15
commune,35039,2018,Maison,12,,,,support insuffisant : 12 < 15
commune,35039,2019,Maison,12,,,,support insuffisant : 12 < 15
commune,35039,2020,Maison,12,,,,support insuffisant : 12 < 15
commune,35039,2021,Maison,9,,,,support insuffisant : 9 < 15
commune,35039,2022,Appartement,2,,,,support insuffisant : 2 < 15
commune,35039,2022,Maison,13,,,,support insuffisant : 13 < 15
commune,35039,2023,Maison,8,,,,support insuffisant : 8 < 15
commune,35039,2024,Appartement,2,,,,support insuffisant : 2 < 15
commune,35039,2024,Maison,19,2558.0,2727.0,2885.0,
commune,35039,2025,Appartement,1,,,,support insuffisant : 1 < 15
commune,35039,2025,Maison,9,,,,support insuffisant : 9 < 15
commune,35040,2014,Appartement,2,,,,support insuffisant : 2 < 15
commune,35040,2014,Maison,19,1794.0,1868.0,2029.0,
commune,35040,2015,Maison,17,1589.0,1748.0,2063.0,
commune,35040,2016,Maison,11,,,,support insuffisant : 11 < 15
commune,35040,2017,Maison,28,1642.0,1798.0,2025.0,
commune,35040,2018,Maison,20,1493.0,1787.0,2030.0,
commune,35040,2019,Appartement,1,,,,support insuffisant : 1 < 15
commune,35040,2019,Maison,24,1851.0,2088.0,2262.0,
commune,35040,2020,Maison,28,1889.0,2068.0,2347.0,
commune,35040,2021,Maison,26,2109.0,2420.0,2586.0,
commune,35040,2022,Appartement,2,,,,support insuffisant : 2 < 15
commune,35040,2022,Maison,23,2477.0,2699.0,2773.0,
commune,35040,2023,Maison,15,2269.0,2636.0,2861.0,
commune,35040,2024,Appartement,2,,,,support insuffisant : 2 < 15
commune,35040,2024,Maison,19,2069.0,2415.0,2641.0,
commune,35040,2025,Maison,23,2215.0,2404.0,2630.0,
commune,35041,2014,Maison,2,,,,support insuffisant : 2 < 15
commune,35041,2015,Maison,3,,,,support insuffisant : 3 < 15
commune,35041,2016,Maison,5,,,,support insuffisant : 5 < 15
commune,35041,2017,Maison,7,,,,support insuffisant : 7 < 15
commune,35041,2018,Maison,5,,,,support insuffisant : 5 < 15
commune,35041,2019,Maison,1,,,,support insuffisant : 1 < 15
commune,35041,2020,Maison,8,,,,support insuffisant : 8 < 15
commune,35041,2021,Maison,3,,,,support insuffisant : 3 < 15
commune,35041,2022,Maison,4,,,,support insuffisant : 4 < 15
commune,35041,2023,Maison,3,,,,support insuffisant : 3 < 15
commune,35041,2024,Maison,4,,,,support insuffisant : 4 < 15
commune,35041,2025,Maison,5,,,,support insuffisant : 5 < 15
commune,35042,2015,Maison,5,,,,support insuffisant : 5 < 15
commune,35042,2016,Maison,2,,,,support insuffisant : 2 < 15
commune,35042,2017,Maison,6,,,,support insuffisant : 6 < 15
commune,35042,2018,Maison,8,,,,support insuffisant : 8 < 15
commune,35042,2019,Maison,4,,,,support insuffisant : 4 < 15
commune,35042,2020,Maison,3,,,,support insuffisant : 3 < 15
commune,35042,2021,Maison,7,,,,support insuffisant : 7 < 15
commune,35042,2022,Maison,4,,,,support insuffisant : 4 < 15
commune,35042,2023,Maison,3,,,,support insuffisant : 3 < 15
commune,35042,2024,Maison,2,,,,support insuffisant : 2 < 15
commune,35042,2025,Maison,2,,,,support insuffisant : 2 < 15
commune,35044,2017,Maison,3,,,,support insuffisant : 3 < 15
commune,35044,2019,Maison,3,,,,support insuffisant : 3 < 15
commune,35044,2022,Maison,1,,,,support insuffisant : 1 < 15
commune,35044,2023,Maison,2,,,,support insuffisant : 2 < 15
commune,35044,2024,Maison,1,,,,support insuffisant : 1 < 15
commune,35045,2014,Maison,2,,,,support insuffisant : 2 < 15
commune,35045,2015,Maison,2,,,,support insuffisant : 2 < 15
commune,35045,2016,Maison,2,,,,support insuffisant : 2 < 15
commune,35045,2017,Maison,5,,,,support insuffisant : 5 < 15
commune,35045,2018,Maison,6,,,,support insuffisant : 6 < 15
commune,35045,2019,Maison,2,,,,support insuffisant : 2 < 15
commune,35045,2020,Maison,2,,,,support insuffisant : 2 < 15
commune,35045,2021,Maison,5,,,,support insuffisant : 5 < 15
commune,35045,2022,Maison,2,,,,support insuffisant : 2 < 15
commune,35045,2024,Maison,4,,,,support insuffisant : 4 < 15
commune,35045,2025,Maison,1,,,,support insuffisant : 1 < 15
commune,35046,2014,Maison,1,,,,support insuffisant : 1 < 15
commune,35046,2016,Maison,3,,,,support insuffisant : 3 < 15
commune,35046,2017,Maison,1,,,,support insuffisant : 1 < 15
commune,35046,2018,Maison,2,,,,support insuffisant : 2 < 15
commune,35046,2019,Maison,2,,,,support insuffisant : 2 < 15
commune,35046,2020,Maison,3,,,,support insuffisant : 3 < 15
commune,35046,2021,Maison,1,,,,support insuffisant : 1 < 15
commune,35046,2023,Maison,1,,,,support insuffisant : 1 < 15
commune,35046,2024,Maison,4,,,,support insuffisant : 4 < 15
commune,35046,2025,Maison,1,,,,support insuffisant : 1 < 15
commune,35047,2014,Appartement,5,,,,support insuffisant : 5 < 15
commune,35047,2014,Maison,76,2021.0,2278.0,2557.0,
commune,35047,2015,Appartement,4,,,,support insuffisant : 4 < 15
commune,35047,2015,Maison,105,1994.0,2254.0,2461.0,
commune,35047,2016,Appartement,4,,,,support insuffisant : 4 < 15
commune,35047,2016,Maison,96,1925.0,2149.0,2522.0,
commune,35047,2017,Appartement,5,,,,support insuffisant : 5 < 15
commune,35047,2017,Maison,100,2066.0,2342.0,2578.0,
commune,35047,2018,Appartement,3,,,,support insuffisant : 3 < 15
commune,35047,2018,Maison,104,2142.0,2372.0,2711.0,
commune,35047,2019,Appartement,2,,,,support insuffisant : 2 < 15
commune,35047,2019,Maison,107,2116.0,2500.0,2779.0,
commune,35047,2020,Appartement,7,,,,support insuffisant : 7 < 15
commune,35047,2020,Maison,112,2336.0,2661.0,2974.0,
commune,35047,2021,Appartement,4,,,,support insuffisant : 4 < 15
commune,35047,2021,Maison,86,2537.0,3124.0,3521.0,
commune,35047,2022,Appartement,1,,,,support insuffisant : 1 < 15
commune,35047,2022,Maison,79,3000.0,3290.0,3682.0,
commune,35047,2023,Appartement,5,,,,support insuffisant : 5 < 15
commune,35047,2023,Maison,68,2806.0,3151.0,3426.0,
commune,35047,2024,Appartement,5,,,,support insuffisant : 5 < 15
commune,35047,2024,Maison,69,2566.0,2886.0,3300.0,
commune,35047,2025,Appartement,6,,,,support insuffisant : 6 < 15
commune,35047,2025,Maison,69,2654.0,3147.0,3386.0,
commune,35049,2014,Appartement,15,2053.0,2500.0,3149.0,
commune,35049,2014,Maison,52,1636.0,2186.0,2516.0,
commune,35049,2015,Appartement,14,,,,support insuffisant : 14 < 15
commune,35049,2015,Maison,45,1786.0,2171.0,2414.0,
commune,35049,2016,Appartement,17,1475.0,1733.0,2229.0,
commune,35049,2016,Maison,44,1446.0,2038.0,2404.0,
commune,35049,2017,Appartement,25,1400.0,1950.0,2396.0,
commune,35049,2017,Maison,56,1723.0,2062.0,3056.0,
commune,35049,2018,Appartement,19,2622.0,4000.0,4479.0,
commune,35049,2018,Maison,48,1930.0,2210.0,2813.0,
commune,35049,2019,Appartement,21,2154.0,2750.0,3365.0,
commune,35049,2019,Maison,53,2080.0,2340.0,3000.0,
commune,35049,2020,Appartement,24,2622.0,3272.0,4700.0,
commune,35049,2020,Maison,57,2527.0,2950.0,3604.0,
commune,35049,2021,Appartement,13,,,,support insuffisant : 13 < 15
commune,35049,2021,Maison,47,2813.0,3070.0,3671.0,
commune,35049,2022,Appartement,7,,,,support insuffisant : 7 < 15
commune,35049,2022,Maison,40,2949.0,3636.0,4548.0,
commune,35049,2023,Appartement,11,,,,support insuffisant : 11 < 15
commune,35049,2023,Maison,33,2500.0,3535.0,5547.0,
commune,35049,2024,Appartement,8,,,,support insuffisant : 8 < 15
commune,35049,2024,Maison,32,3039.0,3836.0,4833.0,
commune,35049,2025,Appartement,9,,,,support insuffisant : 9 < 15
commune,35049,2025,Maison,39,2835.0,3604.0,4525.0,
commune,35050,2014,Maison,2,,,,support insuffisant : 2 < 15
commune,35050,2015,Maison,3,,,,support insuffisant : 3 < 15
commune,35050,2016,Maison,3,,,,support insuffisant : 3 < 15
commune,35050,2017,Maison,2,,,,support insuffisant : 2 < 15
commune,35050,2018,Maison,2,,,,support insuffisant : 2 < 15
commune,35050,2019,Maison,1,,,,support insuffisant : 1 < 15
commune,35050,2020,Maison,1,,,,support insuffisant : 1 < 15
commune,35050,2021,Maison,4,,,,support insuffisant : 4 < 15
commune,35050,2022,Maison,2,,,,support insuffisant : 2 < 15
commune,35050,2023,Maison,2,,,,support insuffisant : 2 < 15
commune,35050,2024,Maison,1,,,,support insuffisant : 1 < 15
commune,35050,2025,Maison,3,,,,support insuffisant : 3 < 15
commune,35051,2014,Appartement,8,,,,support insuffisant : 8 < 15
commune,35051,2014,Maison,52,2542.0,2847.0,3176.0,
commune,35051,2015,Appartement,11,,,,support insuffisant : 11 < 15
commune,35051,2015,Maison,70,2477.0,2723.0,3104.0,
commune,35051,2016,Appartement,8,,,,support insuffisant : 8 < 15
commune,35051,2016,Maison,74,2429.0,2618.0,3197.0,
commune,35051,2017,Appartement,15,2241.0,2403.0,2727.0,
commune,35051,2017,Maison,102,2643.0,3040.0,3361.0,
commune,35051,2018,Appartement,10,,,,support insuffisant : 10 < 15
commune,35051,2018,Maison,106,2777.0,3160.0,3640.0,
commune,35051,2019,Appartement,14,,,,support insuffisant : 14 < 15
commune,35051,2019,Maison,79,3042.0,3361.0,3744.0,
commune,35051,2020,Appartement,10,,,,support insuffisant : 10 < 15
commune,35051,2020,Maison,90,3356.0,3700.0,4221.0,
commune,35051,2021,Appartement,10,,,,support insuffisant : 10 < 15
commune,35051,2021,Maison,100,3603.0,3935.0,4549.0,
commune,35051,2022,Appartement,6,,,,support insuffisant : 6 < 15
commune,35051,2022,Maison,87,3772.0,4216.0,4746.0,
commune,35051,2023,Appartement,3,,,,support insuffisant : 3 < 15
commune,35051,2023,Maison,70,3639.0,4237.0,4678.0,
commune,35051,2024,Appartement,9,,,,support insuffisant : 9 < 15
commune,35051,2024,Maison,60,3428.0,4010.0,4311.0,
commune,35051,2025,Appartement,8,,,,support insuffisant : 8 < 15
commune,35051,2025,Maison,72,3330.0,3770.0,4172.0,
commune,35052,2015,Maison,2,,,,support insuffisant : 2 < 15
commune,35052,2016,Maison,2,,,,support insuffisant : 2 < 15
commune,35052,2017,Maison,1,,,,support insuffisant : 1 < 15
commune,35052,2018,Maison,5,,,,support insuffisant : 5 < 15
commune,35052,2019,Maison,5,,,,support insuffisant : 5 < 15
commune,35052,2020,Maison,1,,,,support insuffisant : 1 < 15
commune,35052,2021,Appartement,1,,,,support insuffisant : 1 < 15
commune,35052,2021,Maison,4,,,,support insuffisant : 4 < 15
commune,35052,2022,Maison,4,,,,support insuffisant : 4 < 15
commune,35052,2023,Maison,2,,,,support insuffisant : 2 < 15
commune,35052,2024,Maison,2,,,,support insuffisant : 2 < 15
commune,35054,2014,Maison,5,,,,support insuffisant : 5 < 15
commune,35054,2015,Maison,9,,,,support insuffisant : 9 < 15
commune,35054,2016,Maison,9,,,,support insuffisant : 9 < 15
commune,35054,2017,Maison,14,,,,support insuffisant : 14 < 15
commune,35054,2018,Maison,13,,,,support insuffisant : 13 < 15
commune,35054,2019,Maison,12,,,,support insuffisant : 12 < 15
commune,35054,2020,Maison,17,1688.0,1977.0,2165.0,
commune,35054,2021,Maison,6,,,,support insuffisant : 6 < 15
commune,35054,2022,Maison,6,,,,support insuffisant : 6 < 15
commune,35054,2023,Maison,8,,,,support insuffisant : 8 < 15
commune,35054,2024,Maison,8,,,,support insuffisant : 8 < 15
commune,35054,2025,Maison,7,,,,support insuffisant : 7 < 15
commune,35055,2014,Appartement,2,,,,support insuffisant : 2 < 15
commune,35055,2014,Maison,31,2161.0,2489.0,2793.0,
commune,35055,2015,Appartement,1,,,,support insuffisant : 1 < 15
commune,35055,2015,Maison,33,2328.0,2574.0,2707.0,
commune,35055,2016,Maison,39,2146.0,2422.0,2788.0,
commune,35055,2017,Appartement,3,,,,support insuffisant : 3 < 15
commune,35055,2017,Maison,62,2205.0,2558.0,2858.0,
commune,35055,2018,Appartement,4,,,,support insuffisant : 4 < 15
commune,35055,2018,Maison,46,2280.0,2652.0,2827.0,
commune,35055,2019,Appartement,3,,,,support insuffisant : 3 < 15
commune,35055,2019,Maison,56,2573.0,2860.0,3125.0,
commune,35055,2020,Appartement,3,,,,support insuffisant : 3 < 15
commune,35055,2020,Maison,49,2647.0,2896.0,3302.0,
commune,35055,2021,Appartement,3,,,,support insuffisant : 3 < 15
commune,35055,2021,Maison,38,2933.0,3149.0,3330.0,
commune,35055,2022,Maison,34,3040.0,3563.0,3774.0,
commune,35055,2023,Appartement,4,,,,support insuffisant : 4 < 15
commune,35055,2023,Maison,31,3215.0,3381.0,3717.0,
commune,35055,2024,Appartement,2,,,,support insuffisant : 2 < 15
commune,35055,2024,Maison,18,2861.0,3131.0,3415.0,
commune,35055,2025,Maison,33,2957.0,3267.0,3455.0,
commune,35056,2014,Maison,4,,,,support insuffisant : 4 < 15
commune,35056,2015,Maison,6,,,,support insuffisant : 6 < 15
commune,35056,2016,Maison,4,,,,support insuffisant : 4 < 15
commune,35056,2017,Maison,4,,,,support insuffisant : 4 < 15
commune,35056,2018,Maison,6,,,,support insuffisant : 6 < 15
commune,35056,2019,Maison,2,,,,support insuffisant : 2 < 15
commune,35056,2020,Maison,7,,,,support insuffisant : 7 < 15
commune,35056,2021,Maison,7,,,,support insuffisant : 7 < 15
commune,35056,2022,Maison,3,,,,support insuffisant : 3 < 15
commune,35056,2023,Maison,4,,,,support insuffisant : 4 < 15
commune,35056,2024,Maison,5,,,,support insuffisant : 5 < 15
commune,35056,2025,Maison,3,,,,support insuffisant : 3 < 15
commune,35057,2014,Maison,6,,,,support insuffisant : 6 < 15
commune,35057,2015,Maison,9,,,,support insuffisant : 9 < 15
commune,35057,2016,Maison,5,,,,support insuffisant : 5 < 15
commune,35057,2017,Maison,5,,,,support insuffisant : 5 < 15
commune,35057,2018,Maison,13,,,,support insuffisant : 13 < 15
commune,35057,2019,Maison,11,,,,support insuffisant : 11 < 15
commune,35057,2020,Maison,15,1011.0,1348.0,1618.0,
commune,35057,2021,Maison,11,,,,support insuffisant : 11 < 15
commune,35057,2022,Maison,7,,,,support insuffisant : 7 < 15
commune,35057,2023,Maison,4,,,,support insuffisant : 4 < 15
commune,35057,2024,Maison,3,,,,support insuffisant : 3 < 15
commune,35057,2025,Maison,5,,,,support insuffisant : 5 < 15
commune,35058,2014,Maison,1,,,,support insuffisant : 1 < 15
commune,35058,2015,Maison,8,,,,support insuffisant : 8 < 15
commune,35058,2016,Maison,13,,,,support insuffisant : 13 < 15
commune,35058,2017,Maison,14,,,,support insuffisant : 14 < 15
commune,35058,2018,Maison,14,,,,support insuffisant : 14 < 15
commune,35058,2019,Maison,12,,,,support insuffisant : 12 < 15
commune,35058,2020,Maison,13,,,,support insuffisant : 13 < 15
commune,35058,2021,Maison,7,,,,support insuffisant : 7 < 15
commune,35058,2022,Maison,8,,,,support insuffisant : 8 < 15
commune,35058,2023,Maison,4,,,,support insuffisant : 4 < 15
commune,35058,2024,Maison,6,,,,support insuffisant : 6 < 15
commune,35058,2025,Maison,5,,,,support insuffisant : 5 < 15
commune,35059,2014,Maison,18,2130.0,2239.0,2677.0,
commune,35059,2015,Maison,25,1875.0,2190.0,2489.0,
commune,35059,2016,Maison,31,1850.0,2162.0,2538.0,
commune,35059,2017,Appartement,1,,,,support insuffisant : 1 < 15
commune,35059,2017,Maison,31,2100.0,2343.0,2590.0,
commune,35059,2018,Maison,30,2216.0,2423.0,2670.0,
commune,35059,2019,Maison,28,2207.0,2342.0,2760.0,
commune,35059,2020,Appartement,1,,,,support insuffisant : 1 < 15
commune,35059,2020,Maison,29,2408.0,2646.0,3000.0,
commune,35059,2021,Maison,31,2707.0,3013.0,3212.0,
commune,35059,2022,Maison,22,2957.0,3234.0,3478.0,
commune,35059,2023,Appartement,3,,,,support insuffisant : 3 < 15
commune,35059,2023,Maison,29,2830.0,3215.0,3412.0,
commune,35059,2024,Appartement,2,,,,support insuffisant : 2 < 15
commune,35059,2024,Maison,22,2660.0,2907.0,3280.0,
commune,35059,2025,Appartement,6,,,,support insuffisant : 6 < 15
commune,35059,2025,Maison,35,2740.0,3000.0,3312.0,
commune,35060,2014,Maison,8,,,,support insuffisant : 8 < 15
commune,35060,2015,Maison,13,,,,support insuffisant : 13 < 15
commune,35060,2016,Maison,1,,,,support insuffisant : 1 < 15
commune,35060,2017,Maison,7,,,,support insuffisant : 7 < 15
commune,35060,2018,Maison,9,,,,support insuffisant : 9 < 15
commune,35060,2019,Maison,8,,,,support insuffisant : 8 < 15
commune,35060,2020,Maison,10,,,,support insuffisant : 10 < 15
commune,35060,2021,Maison,10,,,,support insuffisant : 10 < 15
commune,35060,2022,Maison,5,,,,support insuffisant : 5 < 15
commune,35060,2023,Maison,5,,,,support insuffisant : 5 < 15
commune,35060,2024,Maison,3,,,,support insuffisant : 3 < 15
commune,35060,2025,Maison,9,,,,support insuffisant : 9 < 15
commune,35061,2014,Maison,2,,,,support insuffisant : 2 < 15
commune,35061,2016,Maison,3,,,,support insuffisant : 3 < 15
commune,35061,2017,Maison,8,,,,support insuffisant : 8 < 15
commune,35061,2018,Maison,4,,,,support insuffisant : 4 < 15
commune,35061,2019,Maison,6,,,,support insuffisant : 6 < 15
commune,35061,2020,Maison,1,,,,support insuffisant : 1 < 15
commune,35061,2021,Maison,6,,,,support insuffisant : 6 < 15
commune,35061,2022,Maison,9,,,,support insuffisant : 9 < 15
commune,35061,2023,Maison,2,,,,support insuffisant : 2 < 15
commune,35061,2024,Maison,1,,,,support insuffisant : 1 < 15
commune,35062,2014,Maison,7,,,,support insuffisant : 7 < 15
commune,35062,2015,Maison,3,,,,support insuffisant : 3 < 15
commune,35062,2016,Maison,3,,,,support insuffisant : 3 < 15
commune,35062,2017,Maison,6,,,,support insuffisant : 6 < 15
commune,35062,2018,Maison,6,,,,support insuffisant : 6 < 15
commune,35062,2019,Maison,4,,,,support insuffisant : 4 < 15
commune,35062,2020,Maison,6,,,,support insuffisant : 6 < 15
commune,35062,2021,Maison,2,,,,support insuffisant : 2 < 15
commune,35062,2022,Maison,10,,,,support insuffisant : 10 < 15
commune,35062,2023,Maison,6,,,,support insuffisant : 6 < 15
commune,35062,2024,Maison,11,,,,support insuffisant : 11 < 15
commune,35062,2025,Maison,8,,,,support insuffisant : 8 < 15
commune,35063,2014,Maison,3,,,,support insuffisant : 3 < 15
commune,35063,2015,Maison,2,,,,support insuffisant : 2 < 15
commune,35063,2016,Maison,6,,,,support insuffisant : 6 < 15
commune,35063,2017,Maison,6,,,,support insuffisant : 6 < 15
commune,35063,2018,Maison,3,,,,support insuffisant : 3 < 15
commune,35063,2019,Maison,5,,,,support insuffisant : 5 < 15
commune,35063,2020,Maison,3,,,,support insuffisant : 3 < 15
commune,35063,2021,Maison,4,,,,support insuffisant : 4 < 15
commune,35063,2022,Maison,5,,,,support insuffisant : 5 < 15
commune,35063,2023,Maison,1,,,,support insuffisant : 1 < 15
commune,35063,2024,Maison,4,,,,support insuffisant : 4 < 15
commune,35063,2025,Maison,1,,,,support insuffisant : 1 < 15
commune,35064,2014,Maison,8,,,,support insuffisant : 8 < 15
commune,35064,2015,Maison,9,,,,support insuffisant : 9 < 15
commune,35064,2016,Maison,9,,,,support insuffisant : 9 < 15
commune,35064,2017,Maison,12,,,,support insuffisant : 12 < 15
commune,35064,2018,Maison,8,,,,support insuffisant : 8 < 15
commune,35064,2019,Maison,10,,,,support insuffisant : 10 < 15
commune,35064,2020,Maison,13,,,,support insuffisant : 13 < 15
commune,35064,2021,Maison,11,,,,support insuffisant : 11 < 15
commune,35064,2022,Maison,5,,,,support insuffisant : 5 < 15
commune,35064,2023,Maison,10,,,,support insuffisant : 10 < 15
commune,35064,2024,Maison,2,,,,support insuffisant : 2 < 15
commune,35064,2025,Maison,4,,,,support insuffisant : 4 < 15
commune,35065,2014,Maison,11,,,,support insuffisant : 11 < 15
commune,35065,2015,Maison,12,,,,support insuffisant : 12 < 15
commune,35065,2016,Maison,11,,,,support insuffisant : 11 < 15
commune,35065,2017,Maison,10,,,,support insuffisant : 10 < 15
commune,35065,2018,Maison,15,1655.0,1944.0,2073.0,
commune,35065,2019,Maison,22,1821.0,1981.0,2171.0,
commune,35065,2020,Maison,17,1772.0,2250.0,2545.0,
commune,35065,2021,Maison,18,2129.0,2393.0,2611.0,
commune,35065,2022,Maison,13,,,,support insuffisant : 13 < 15
commune,35065,2023,Maison,14,,,,support insuffisant : 14 < 15
commune,35065,2024,Maison,8,,,,support insuffisant : 8 < 15
commune,35065,2025,Maison,15,2246.0,2527.0,2972.0,
commune,35066,2014,Appartement,2,,,,support insuffisant : 2 < 15
commune,35066,2014,Maison,26,2136.0,2311.0,2427.0,
commune,35066,2015,Appartement,2,,,,support insuffisant : 2 < 15
commune,35066,2015,Maison,27,1760.0,2000.0,2353.0,
commune,35066,2016,Appartement,4,,,,support insuffisant : 4 < 15
commune,35066,2016,Maison,38,2079.0,2326.0,2622.0,
commune,35066,2017,Appartement,5,,,,support insuffisant : 5 < 15
commune,35066,2017,Maison,28,1995.0,2328.0,2663.0,
commune,35066,2018,Appartement,10,,,,support insuffisant : 10 < 15
commune,35066,2018,Maison,45,1949.0,2323.0,2769.0,
commune,35066,2019,Appartement,2,,,,support insuffisant : 2 < 15
commune,35066,2019,Maison,48,2272.0,2450.0,2818.0,
commune,35066,2020,Appartement,7,,,,support insuffisant : 7 < 15
commune,35066,2020,Maison,37,2207.0,2500.0,2722.0,
commune,35066,2021,Appartement,2,,,,support insuffisant : 2 < 15
commune,35066,2021,Maison,25,2450.0,2895.0,3053.0,
commune,35066,2022,Appartement,3,,,,support insuffisant : 3 < 15
commune,35066,2022,Maison,33,2684.0,2982.0,3183.0,
commune,35066,2023,Maison,32,2787.0,3076.0,3427.0,
commune,35066,2024,Appartement,1,,,,support insuffisant : 1 < 15
commune,35066,2024,Maison,22,2571.0,2768.0,2959.0,
commune,35066,2025,Appartement,8,,,,support insuffisant : 8 < 15
commune,35066,2025,Maison,36,2456.0,2837.0,3004.0,
commune,35067,2014,Maison,8,,,,support insuffisant : 8 < 15
commune,35067,2015,Maison,11,,,,support insuffisant : 11 < 15
commune,35067,2016,Maison,13,,,,support insuffisant : 13 < 15
commune,35067,2017,Maison,9,,,,support insuffisant : 9 < 15
commune,35067,2018,Maison,8,,,,support insuffisant : 8 < 15
commune,35067,2019,Maison,16,1667.0,1882.0,2294.0,
commune,35067,2020,Maison,11,,,,support insuffisant : 11 < 15
commune,35067,2021,Maison,9,,,,support insuffisant : 9 < 15
commune,35067,2022,Maison,10,,,,support insuffisant : 10 < 15
commune,35067,2023,Maison,4,,,,support insuffisant : 4 < 15
commune,35067,2024,Maison,5,,,,support insuffisant : 5 < 15
commune,35067,2025,Maison,8,,,,support insuffisant : 8 < 15
commune,35068,2014,Maison,40,1656.0,1813.0,1989.0,
commune,35068,2015,Appartement,1,,,,support insuffisant : 1 < 15
commune,35068,2015,Maison,48,1502.0,1721.0,1924.0,
commune,35068,2016,Maison,47,1624.0,1828.0,2036.0,
commune,35068,2017,Appartement,10,,,,support insuffisant : 10 < 15
commune,35068,2017,Maison,57,1678.0,1935.0,2206.0,
commune,35068,2018,Appartement,1,,,,support insuffisant : 1 < 15
commune,35068,2018,Maison,46,1690.0,1949.0,2126.0,
commune,35068,2019,Appartement,3,,,,support insuffisant : 3 < 15
commune,35068,2019,Maison,48,1876.0,2047.0,2224.0,
commune,35068,2020,Appartement,2,,,,support insuffisant : 2 < 15
commune,35068,2020,Maison,53,1989.0,2153.0,2500.0,
commune,35068,2021,Maison,36,2196.0,2430.0,2632.0,
commune,35068,2022,Appartement,3,,,,support insuffisant : 3 < 15
commune,35068,2022,Maison,40,2334.0,2560.0,2875.0,
commune,35068,2023,Appartement,2,,,,support insuffisant : 2 < 15
commune,35068,2023,Maison,41,2133.0,2700.0,2907.0,
commune,35068,2024,Appartement,1,,,,support insuffisant : 1 < 15
commune,35068,2024,Maison,27,2190.0,2438.0,2706.0,
commune,35068,2025,Appartement,2,,,,support insuffisant : 2 < 15
commune,35068,2025,Maison,35,2162.0,2578.0,2942.0,
commune,35069,2014,Appartement,5,,,,support insuffisant : 5 < 15
commune,35069,2014,Maison,44,1887.0,2114.0,2419.0,
commune,35069,2015,Appartement,4,,,,support insuffisant : 4 < 15
commune,35069,2015,Maison,56,2011.0,2119.0,2313.0,
commune,35069,2016,Appartement,7,,,,support insuffisant : 7 < 15
commune,35069,2016,Maison,45,1746.0,1957.0,2209.0,
commune,35069,2017,Appartement,7,,,,support insuffisant : 7 < 15
commune,35069,2017,Maison,75,1721.0,1992.0,2241.0,
commune,35069,2018,Appartement,10,,,,support insuffisant : 10 < 15
commune,35069,2018,Maison,77,1889.0,2200.0,2509.0,
commune,35069,2019,Appartement,4,,,,support insuffisant : 4 < 15
commune,35069,2019,Maison,81,1967.0,2317.0,2579.0,
commune,35069,2020,Appartement,1,,,,support insuffisant : 1 < 15
commune,35069,2020,Maison,92,1870.0,2268.0,2560.0,
commune,35069,2021,Appartement,5,,,,support insuffisant : 5 < 15
commune,35069,2021,Maison,83,2339.0,2534.0,2875.0,
commune,35069,2022,Appartement,4,,,,support insuffisant : 4 < 15
commune,35069,2022,Maison,63,2579.0,2896.0,3140.0,
commune,35069,2023,Appartement,6,,,,support insuffisant : 6 < 15
commune,35069,2023,Maison,53,2594.0,2863.0,3102.0,
commune,35069,2024,Maison,63,2335.0,2771.0,3071.0,
commune,35069,2025,Appartement,2,,,,support insuffisant : 2 < 15
commune,35069,2025,Maison,54,2529.0,2835.0,3075.0,
commune,35070,2014,Maison,6,,,,support insuffisant : 6 < 15
commune,35070,2015,Maison,11,,,,support insuffisant : 11 < 15
commune,35070,2016,Maison,12,,,,support insuffisant : 12 < 15
commune,35070,2017,Appartement,1,,,,support insuffisant : 1 < 15
commune,35070,2017,Maison,19,1705.0,1774.0,2005.0,
commune,35070,2018,Appartement,2,,,,support insuffisant : 2 < 15
commune,35070,2018,Maison,19,1355.0,1804.0,2010.0,
commune,35070,2019,Maison,25,1354.0,1667.0,1833.0,
commune,35070,2020,Maison,16,1616.0,1791.0,1911.0,
commune,35070,2021,Maison,13,,,,support insuffisant : 13 < 15
commune,35070,2022,Appartement,1,,,,support insuffisant : 1 < 15
commune,35070,2022,Maison,21,1981.0,2329.0,2571.0,
commune,35070,2023,Appartement,1,,,,support insuffisant : 1 < 15
commune,35070,2023,Maison,9,,,,support insuffisant : 9 < 15
commune,35070,2024,Maison,13,,,,support insuffisant : 13 < 15
commune,35070,2025,Appartement,2,,,,support insuffisant : 2 < 15
commune,35070,2025,Maison,14,,,,support insuffisant : 14 < 15
commune,35071,2014,Maison,1,,,,support insuffisant : 1 < 15
commune,35071,2015,Maison,1,,,,support insuffisant : 1 < 15
commune,35071,2016,Maison,4,,,,support insuffisant : 4 < 15
commune,35071,2017,Maison,1,,,,support insuffisant : 1 < 15
commune,35071,2018,Maison,1,,,,support insuffisant : 1 < 15
commune,35071,2019,Maison,4,,,,support insuffisant : 4 < 15
commune,35071,2020,Maison,2,,,,support insuffisant : 2 < 15
commune,35071,2021,Maison,1,,,,support insuffisant : 1 < 15
commune,35071,2023,Maison,3,,,,support insuffisant : 3 < 15
commune,35071,2025,Maison,1,,,,support insuffisant : 1 < 15
commune,35072,2014,Maison,2,,,,support insuffisant : 2 < 15
commune,35072,2015,Maison,9,,,,support insuffisant : 9 < 15
commune,35072,2016,Maison,13,,,,support insuffisant : 13 < 15
commune,35072,2017,Maison,13,,,,support insuffisant : 13 < 15
commune,35072,2018,Maison,5,,,,support insuffisant : 5 < 15
commune,35072,2019,Maison,6,,,,support insuffisant : 6 < 15
commune,35072,2020,Maison,6,,,,support insuffisant : 6 < 15
commune,35072,2021,Maison,11,,,,support insuffisant : 11 < 15
commune,35072,2022,Maison,6,,,,support insuffisant : 6 < 15
commune,35072,2023,Maison,9,,,,support insuffisant : 9 < 15
commune,35072,2024,Maison,9,,,,support insuffisant : 9 < 15
commune,35072,2025,Maison,14,,,,support insuffisant : 14 < 15
commune,35075,2014,Maison,4,,,,support insuffisant : 4 < 15
commune,35075,2015,Maison,2,,,,support insuffisant : 2 < 15
commune,35075,2016,Maison,3,,,,support insuffisant : 3 < 15
commune,35075,2017,Maison,4,,,,support insuffisant : 4 < 15
commune,35075,2018,Maison,4,,,,support insuffisant : 4 < 15
commune,35075,2019,Maison,6,,,,support insuffisant : 6 < 15
commune,35075,2020,Maison,5,,,,support insuffisant : 5 < 15
commune,35075,2021,Maison,7,,,,support insuffisant : 7 < 15
commune,35075,2022,Maison,5,,,,support insuffisant : 5 < 15
commune,35075,2023,Maison,2,,,,support insuffisant : 2 < 15
commune,35075,2025,Maison,6,,,,support insuffisant : 6 < 15
commune,35076,2014,Appartement,1,,,,support insuffisant : 1 < 15
commune,35076,2014,Maison,10,,,,support insuffisant : 10 < 15
commune,35076,2015,Maison,18,1863.0,1947.0,2030.0,
commune,35076,2016,Appartement,2,,,,support insuffisant : 2 < 15
commune,35076,2016,Maison,32,1702.0,1977.0,2188.0,
commune,35076,2017,Appartement,2,,,,support insuffisant : 2 < 15
commune,35076,2017,Maison,24,1858.0,1980.0,2071.0,
commune,35076,2018,Appartement,10,,,,support insuffisant : 10 < 15
commune,35076,2018,Maison,30,1808.0,2071.0,2313.0,
commune,35076,2019,Appartement,1,,,,support insuffisant : 1 < 15
commune,35076,2019,Maison,22,1809.0,2177.0,2434.0,
commune,35076,2020,Appartement,2,,,,support insuffisant : 2 < 15
commune,35076,2020,Maison,34,1895.0,2284.0,2568.0,
commune,35076,2021,Appartement,1,,,,support insuffisant : 1 < 15
commune,35076,2021,Maison,26,2243.0,2560.0,2974.0,
commune,35076,2022,Appartement,1,,,,support insuffisant : 1 < 15
commune,35076,2022,Maison,36,2218.0,2748.0,3028.0,
commune,35076,2023,Appartement,1,,,,support insuffisant : 1 < 15
commune,35076,2023,Maison,23,2625.0,2875.0,3314.0,
commune,35076,2024,Maison,26,2293.0,2720.0,3083.0,
commune,35076,2025,Maison,9,,,,support insuffisant : 9 < 15
commune,35077,2014,Maison,1,,,,support insuffisant : 1 < 15
commune,35077,2016,Maison,2,,,,support insuffisant : 2 < 15
commune,35077,2017,Maison,1,,,,support insuffisant : 1 < 15
commune,35077,2019,Maison,1,,,,support insuffisant : 1 < 15
commune,35077,2020,Maison,1,,,,support insuffisant : 1 < 15
commune,35077,2021,Maison,4,,,,support insuffisant : 4 < 15
commune,35077,2022,Maison,1,,,,support insuffisant : 1 < 15
commune,35077,2023,Maison,2,,,,support insuffisant : 2 < 15
commune,35077,2024,Maison,1,,,,support insuffisant : 1 < 15
commune,35078,2014,Maison,7,,,,support insuffisant : 7 < 15
commune,35078,2015,Maison,6,,,,support insuffisant : 6 < 15
commune,35078,2016,Maison,7,,,,support insuffisant : 7 < 15
commune,35078,2017,Maison,6,,,,support insuffisant : 6 < 15
commune,35078,2018,Maison,1,,,,support insuffisant : 1 < 15
commune,35078,2019,Maison,3,,,,support insuffisant : 3 < 15
commune,35078,2020,Maison,16,1167.0,1594.0,1932.0,
commune,35078,2021,Maison,4,,,,support insuffisant : 4 < 15
commune,35078,2022,Maison,12,,,,support insuffisant : 12 < 15
commune,35078,2023,Maison,2,,,,support insuffisant : 2 < 15
commune,35078,2024,Maison,5,,,,support insuffisant : 5 < 15
commune,35078,2025,Maison,7,,,,support insuffisant : 7 < 15
commune,35079,2014,Appartement,1,,,,support insuffisant : 1 < 15
commune,35079,2014,Maison,9,,,,support insuffisant : 9 < 15
commune,35079,2015,Maison,6,,,,support insuffisant : 6 < 15
commune,35079,2016,Maison,10,,,,support insuffisant : 10 < 15
commune,35079,2017,Maison,11,,,,support insuffisant : 11 < 15
commune,35079,2018,Maison,8,,,,support insuffisant : 8 < 15
commune,35079,2019,Maison,16,2224.0,2436.0,2573.0,
commune,35079,2020,Maison,11,,,,support insuffisant : 11 < 15
commune,35079,2021,Maison,16,2719.0,2898.0,3366.0,
commune,35079,2022,Maison,11,,,,support insuffisant : 11 < 15
commune,35079,2023,Maison,12,,,,support insuffisant : 12 < 15
commune,35079,2024,Maison,7,,,,support insuffisant : 7 < 15
commune,35079,2025,Maison,13,,,,support insuffisant : 13 < 15
commune,35080,2014,Maison,8,,,,support insuffisant : 8 < 15
commune,35080,2015,Maison,12,,,,support insuffisant : 12 < 15
commune,35080,2016,Maison,14,,,,support insuffisant : 14 < 15
commune,35080,2017,Maison,19,1576.0,1933.0,2134.0,
commune,35080,2018,Maison,15,1835.0,2048.0,2151.0,
commune,35080,2019,Maison,25,1558.0,1893.0,2326.0,
commune,35080,2020,Maison,29,1824.0,2059.0,2290.0,
commune,35080,2021,Maison,26,2052.0,2361.0,2598.0,
commune,35080,2022,Maison,15,2128.0,2523.0,2740.0,
commune,35080,2023,Maison,16,1852.0,2366.0,2778.0,
commune,35080,2024,Maison,8,,,,support insuffisant : 8 < 15
commune,35080,2025,Maison,22,2332.0,2532.0,2671.0,
commune,35081,2015,Maison,2,,,,support insuffisant : 2 < 15
commune,35081,2017,Maison,8,,,,support insuffisant : 8 < 15
commune,35081,2018,Maison,5,,,,support insuffisant : 5 < 15
commune,35081,2019,Maison,1,,,,support insuffisant : 1 < 15
commune,35081,2020,Maison,8,,,,support insuffisant : 8 < 15
commune,35081,2021,Maison,2,,,,support insuffisant : 2 < 15
commune,35081,2022,Maison,5,,,,support insuffisant : 5 < 15
commune,35081,2023,Maison,4,,,,support insuffisant : 4 < 15
commune,35081,2024,Maison,4,,,,support insuffisant : 4 < 15
commune,35081,2025,Maison,8,,,,support insuffisant : 8 < 15
commune,35082,2014,Maison,5,,,,support insuffisant : 5 < 15
commune,35082,2015,Maison,4,,,,support insuffisant : 4 < 15
commune,35082,2016,Maison,8,,,,support insuffisant : 8 < 15
commune,35082,2017,Maison,12,,,,support insuffisant : 12 < 15
commune,35082,2018,Appartement,1,,,,support insuffisant : 1 < 15
commune,35082,2018,Maison,7,,,,support insuffisant : 7 < 15
commune,35082,2019,Appartement,1,,,,support insuffisant : 1 < 15
commune,35082,2019,Maison,10,,,,support insuffisant : 10 < 15
commune,35082,2020,Maison,11,,,,support insuffisant : 11 < 15
commune,35082,2021,Maison,3,,,,support insuffisant : 3 < 15
commune,35082,2022,Maison,7,,,,support insuffisant : 7 < 15
commune,35082,2023,Maison,3,,,,support insuffisant : 3 < 15
commune,35082,2024,Maison,4,,,,support insuffisant : 4 < 15
commune,35082,2025,Maison,6,,,,support insuffisant : 6 < 15
commune,35084,2014,Maison,2,,,,support insuffisant : 2 < 15
commune,35084,2015,Maison,5,,,,support insuffisant : 5 < 15
commune,35084,2016,Maison,2,,,,support insuffisant : 2 < 15
commune,35084,2017,Maison,6,,,,support insuffisant : 6 < 15
commune,35084,2018,Maison,5,,,,support insuffisant : 5 < 15
commune,35084,2019,Maison,3,,,,support insuffisant : 3 < 15
commune,35084,2020,Maison,5,,,,support insuffisant : 5 < 15
commune,35084,2021,Maison,5,,,,support insuffisant : 5 < 15
commune,35084,2023,Maison,1,,,,support insuffisant : 1 < 15
commune,35085,2014,Maison,17,1364.0,1485.0,1789.0,
commune,35085,2015,Appartement,2,,,,support insuffisant : 2 < 15
commune,35085,2015,Maison,25,1477.0,1617.0,1892.0,
commune,35085,2016,Maison,24,1335.0,1538.0,1909.0,
commune,35085,2017,Appartement,2,,,,support insuffisant : 2 < 15
commune,35085,2017,Maison,27,1467.0,1667.0,2013.0,
commune,35085,2018,Appartement,3,,,,support insuffisant : 3 < 15
commune,35085,2018,Maison,21,1337.0,1821.0,2045.0,
commune,35085,2019,Appartement,3,,,,support insuffisant : 3 < 15
commune,35085,2019,Maison,26,1621.0,1865.0,2037.0,
commune,35085,2020,Appartement,2,,,,support insuffisant : 2 < 15
commune,35085,2020,Maison,21,1665.0,1837.0,2188.0,
commune,35085,2021,Appartement,1,,,,support insuffisant : 1 < 15
commune,35085,2021,Maison,29,1866.0,2059.0,2400.0,
commune,35085,2022,Appartement,1,,,,support insuffisant : 1 < 15
commune,35085,2022,Maison,21,1458.0,2277.0,2773.0,
commune,35085,2023,Maison,24,2071.0,2772.0,3127.0,
commune,35085,2024,Appartement,1,,,,support insuffisant : 1 < 15
commune,35085,2024,Maison,21,2258.0,2375.0,2766.0,
commune,35085,2025,Appartement,1,,,,support insuffisant : 1 < 15
commune,35085,2025,Maison,29,2300.0,2573.0,3119.0,
commune,35086,2014,Maison,5,,,,support insuffisant : 5 < 15
commune,35086,2015,Maison,5,,,,support insuffisant : 5 < 15
commune,35086,2016,Maison,4,,,,support insuffisant : 4 < 15
commune,35086,2017,Maison,4,,,,support insuffisant : 4 < 15
commune,35086,2018,Maison,4,,,,support insuffisant : 4 < 15
commune,35086,2019,Maison,2,,,,support insuffisant : 2 < 15
commune,35086,2020,Maison,6,,,,support insuffisant : 6 < 15
commune,35086,2021,Maison,4,,,,support insuffisant : 4 < 15
commune,35086,2022,Maison,3,,,,support insuffisant : 3 < 15
commune,35086,2023,Maison,3,,,,support insuffisant : 3 < 15
commune,35086,2024,Maison,2,,,,support insuffisant : 2 < 15
commune,35086,2025,Maison,3,,,,support insuffisant : 3 < 15
commune,35087,2014,Maison,2,,,,support insuffisant : 2 < 15
commune,35087,2015,Maison,4,,,,support insuffisant : 4 < 15
commune,35087,2016,Maison,2,,,,support insuffisant : 2 < 15
commune,35087,2017,Maison,1,,,,support insuffisant : 1 < 15
commune,35087,2018,Maison,8,,,,support insuffisant : 8 < 15
commune,35087,2019,Maison,2,,,,support insuffisant : 2 < 15
commune,35087,2020,Maison,6,,,,support insuffisant : 6 < 15
commune,35087,2021,Maison,8,,,,support insuffisant : 8 < 15
commune,35087,2022,Maison,2,,,,support insuffisant : 2 < 15
commune,35087,2023,Maison,3,,,,support insuffisant : 3 < 15
commune,35087,2024,Maison,3,,,,support insuffisant : 3 < 15
commune,35087,2025,Maison,6,,,,support insuffisant : 6 < 15
commune,35088,2014,Appartement,1,,,,support insuffisant : 1 < 15
commune,35088,2014,Maison,19,1555.0,1699.0,1933.0,
commune,35088,2015,Appartement,4,,,,support insuffisant : 4 < 15
commune,35088,2015,Maison,16,1183.0,1805.0,2077.0,
commune,35088,2016,Maison,20,1531.0,1715.0,1978.0,
commune,35088,2017,Appartement,1,,,,support insuffisant : 1 < 15
commune,35088,2017,Maison,25,1726.0,1986.0,2203.0,
commune,35088,2018,Maison,19,1305.0,1817.0,2182.0,
commune,35088,2019,Appartement,6,,,,support insuffisant : 6 < 15
commune,35088,2019,Maison,23,1708.0,1856.0,2033.0,
commune,35088,2020,Appartement,2,,,,support insuffisant : 2 < 15
commune,35088,2020,Maison,41,1786.0,2049.0,2406.0,
commune,35088,2021,Appartement,2,,,,support insuffisant : 2 < 15
commune,35088,2021,Maison,27,1854.0,2336.0,2694.0,
commune,35088,2022,Appartement,1,,,,support insuffisant : 1 < 15
commune,35088,2022,Maison,22,1888.0,2221.0,2882.0,
commune,35088,2023,Appartement,1,,,,support insuffisant : 1 < 15
commune,35088,2023,Maison,16,2112.0,2377.0,2791.0,
commune,35088,2024,Maison,10,,,,support insuffisant : 10 < 15
commune,35088,2025,Maison,14,,,,support insuffisant : 14 < 15
commune,35089,2015,Maison,3,,,,support insuffisant : 3 < 15
commune,35089,2016,Maison,3,,,,support insuffisant : 3 < 15
commune,35089,2017,Maison,2,,,,support insuffisant : 2 < 15
commune,35089,2018,Maison,5,,,,support insuffisant : 5 < 15
commune,35089,2019,Maison,1,,,,support insuffisant : 1 < 15
commune,35089,2020,Maison,3,,,,support insuffisant : 3 < 15
commune,35089,2021,Maison,7,,,,support insuffisant : 7 < 15
commune,35089,2022,Maison,1,,,,support insuffisant : 1 < 15
commune,35089,2023,Maison,2,,,,support insuffisant : 2 < 15
commune,35089,2025,Maison,3,,,,support insuffisant : 3 < 15
commune,35090,2014,Maison,21,1453.0,1557.0,1678.0,
commune,35090,2015,Maison,15,1447.0,1626.0,1920.0,
commune,35090,2016,Maison,14,,,,support insuffisant : 14 < 15
commune,35090,2017,Appartement,1,,,,support insuffisant : 1 < 15
commune,35090,2017,Maison,23,1552.0,1692.0,1949.0,
commune,35090,2018,Maison,15,1449.0,1656.0,1867.0,
commune,35090,2019,Maison,35,1543.0,1770.0,1950.0,
commune,35090,2020,Maison,20,1490.0,1673.0,2072.0,
commune,35090,2021,Maison,23,1721.0,2065.0,2434.0,
commune,35090,2022,Maison,25,2029.0,2238.0,2557.0,
commune,35090,2023,Maison,13,,,,support insuffisant : 13 < 15
commune,35090,2024,Maison,17,2205.0,2355.0,2581.0,
commune,35090,2025,Maison,22,2363.0,2438.0,2720.0,
commune,35091,2014,Maison,1,,,,support insuffisant : 1 < 15
commune,35091,2015,Maison,4,,,,support insuffisant : 4 < 15
commune,35091,2017,Maison,4,,,,support insuffisant : 4 < 15
commune,35091,2018,Maison,3,,,,support insuffisant : 3 < 15
commune,35091,2019,Maison,3,,,,support insuffisant : 3 < 15
commune,35091,2020,Maison,5,,,,support insuffisant : 5 < 15
commune,35091,2021,Maison,5,,,,support insuffisant : 5 < 15
commune,35091,2022,Maison,1,,,,support insuffisant : 1 < 15
commune,35091,2023,Maison,2,,,,support insuffisant : 2 < 15
commune,35091,2024,Maison,5,,,,support insuffisant : 5 < 15
commune,35091,2025,Maison,1,,,,support insuffisant : 1 < 15
commune,35092,2014,Maison,2,,,,support insuffisant : 2 < 15
commune,35092,2016,Maison,6,,,,support insuffisant : 6 < 15
commune,35092,2017,Maison,2,,,,support insuffisant : 2 < 15
commune,35092,2018,Maison,6,,,,support insuffisant : 6 < 15
commune,35092,2019,Maison,5,,,,support insuffisant : 5 < 15
commune,35092,2020,Maison,6,,,,support insuffisant : 6 < 15
commune,35092,2021,Maison,2,,,,support insuffisant : 2 < 15
commune,35092,2022,Maison,3,,,,support insuffisant : 3 < 15
commune,35092,2023,Maison,2,,,,support insuffisant : 2 < 15
commune,35092,2024,Maison,2,,,,support insuffisant : 2 < 15
commune,35093,2014,Appartement,51,2731.0,3000.0,3756.0,
commune,35093,2014,Maison,73,2252.0,2672.0,3211.0,
commune,35093,2015,Appartement,78,2450.0,3342.0,4367.0,
commune,35093,2015,Maison,86,2121.0,2656.0,3365.0,
commune,35093,2016,Appartement,78,2517.0,3330.0,4015.0,
commune,35093,2016,Maison,105,2226.0,2767.0,3590.0,
commune,35093,2017,Appartement,113,2500.0,3195.0,3922.0,
commune,35093,2017,Maison,106,2586.0,3012.0,4145.0,
commune,35093,2018,Appartement,94,2872.0,3378.0,4315.0,
commune,35093,2018,Maison,101,2613.0,3214.0,4355.0,
commune,35093,2019,Appartement,109,3049.0,3548.0,4182.0,
commune,35093,2019,Maison,125,2727.0,3316.0,4698.0,
commune,35093,2020,Appartement,71,3341.0,4048.0,4963.0,
commune,35093,2020,Maison,106,3196.0,3865.0,5442.0,
commune,35093,2021,Appartement,71,3754.0,4926.0,5901.0,
commune,35093,2021,Maison,100,3191.0,4186.0,5077.0,
commune,35093,2022,Appartement,37,4500.0,5358.0,6669.0,
commune,35093,2022,Maison,80,4181.0,5157.0,7051.0,
commune,35093,2023,Appartement,33,4600.0,5586.0,6298.0,
commune,35093,2023,Maison,59,3994.0,5163.0,6158.0,
commune,35093,2024,Appartement,33,4100.0,5521.0,6429.0,
commune,35093,2024,Maison,55,4161.0,4846.0,5875.0,
commune,35093,2025,Appartement,39,4611.0,5267.0,6312.0,
commune,35093,2025,Maison,70,4059.0,4928.0,6210.0,
commune,35094,2014,Appartement,1,,,,support insuffisant : 1 < 15
commune,35094,2014,Maison,5,,,,support insuffisant : 5 < 15
commune,35094,2015,Maison,3,,,,support insuffisant : 3 < 15
commune,35094,2016,Maison,6,,,,support insuffisant : 6 < 15
commune,35094,2017,Maison,2,,,,support insuffisant : 2 < 15
commune,35094,2019,Maison,3,,,,support insuffisant : 3 < 15
commune,35094,2020,Maison,13,,,,support insuffisant : 13 < 15
commune,35094,2021,Appartement,1,,,,support insuffisant : 1 < 15
commune,35094,2021,Maison,2,,,,support insuffisant : 2 < 15
commune,35094,2022,Maison,4,,,,support insuffisant : 4 < 15
commune,35094,2023,Appartement,1,,,,support insuffisant : 1 < 15
commune,35094,2023,Maison,4,,,,support insuffisant : 4 < 15
commune,35094,2024,Maison,3,,,,support insuffisant : 3 < 15
commune,35094,2025,Appartement,1,,,,support insuffisant : 1 < 15
commune,35094,2025,Maison,8,,,,support insuffisant : 8 < 15
commune,35095,2014,Appartement,8,,,,support insuffisant : 8 < 15
commune,35095,2014,Maison,31,1289.0,1553.0,1785.0,
commune,35095,2015,Appartement,4,,,,support insuffisant : 4 < 15
commune,35095,2015,Maison,26,1125.0,1330.0,1693.0,
commune,35095,2016,Appartement,9,,,,support insuffisant : 9 < 15
commune,35095,2016,Maison,24,976.0,1595.0,2006.0,
commune,35095,2017,Appartement,10,,,,support insuffisant : 10 < 15
commune,35095,2017,Maison,37,1281.0,1622.0,1786.0,
commune,35095,2018,Appartement,9,,,,support insuffisant : 9 < 15
commune,35095,2018,Maison,37,1212.0,1685.0,1935.0,
commune,35095,2019,Appartement,12,,,,support insuffisant : 12 < 15
commune,35095,2019,Maison,35,1255.0,1473.0,1974.0,
commune,35095,2020,Appartement,7,,,,support insuffisant : 7 < 15
commune,35095,2020,Maison,42,1556.0,1846.0,1940.0,
commune,35095,2021,Appartement,10,,,,support insuffisant : 10 < 15
commune,35095,2021,Maison,35,1924.0,2244.0,2500.0,
commune,35095,2022,Appartement,10,,,,support insuffisant : 10 < 15
commune,35095,2022,Maison,28,2142.0,2461.0,2694.0,
commune,35095,2023,Appartement,9,,,,support insuffisant : 9 < 15
commune,35095,2023,Maison,16,1794.0,2359.0,2694.0,
commune,35095,2024,Appartement,8,,,,support insuffisant : 8 < 15
commune,35095,2024,Maison,14,,,,support insuffisant : 14 < 15
commune,35095,2025,Appartement,12,,,,support insuffisant : 12 < 15
commune,35095,2025,Maison,20,1778.0,2369.0,2808.0,
commune,35096,2014,Appartement,1,,,,support insuffisant : 1 < 15
commune,35096,2014,Maison,7,,,,support insuffisant : 7 < 15
commune,35096,2015,Appartement,1,,,,support insuffisant : 1 < 15
commune,35096,2015,Maison,15,1122.0,1493.0,1819.0,
commune,35096,2016,Appartement,5,,,,support insuffisant : 5 < 15
commune,35096,2016,Maison,11,,,,support insuffisant : 11 < 15
commune,35096,2017,Appartement,2,,,,support insuffisant : 2 < 15
commune,35096,2017,Maison,11,,,,support insuffisant : 11 < 15
commune,35096,2018,Appartement,3,,,,support insuffisant : 3 < 15
commune,35096,2018,Maison,15,1548.0,1806.0,2028.0,
commune,35096,2019,Appartement,4,,,,support insuffisant : 4 < 15
commune,35096,2019,Maison,21,1329.0,1750.0,2028.0,
commune,35096,2020,Appartement,14,,,,support insuffisant : 14 < 15
commune,35096,2020,Maison,9,,,,support insuffisant : 9 < 15
commune,35096,2021,Appartement,4,,,,support insuffisant : 4 < 15
commune,35096,2021,Maison,13,,,,support insuffisant : 13 < 15
commune,35096,2022,Maison,19,1892.0,2375.0,2694.0,
commune,35096,2023,Appartement,1,,,,support insuffisant : 1 < 15
commune,35096,2023,Maison,14,,,,support insuffisant : 14 < 15
commune,35096,2024,Maison,11,,,,support insuffisant : 11 < 15
commune,35096,2025,Maison,10,,,,support insuffisant : 10 < 15
commune,35097,2014,Maison,6,,,,support insuffisant : 6 < 15
commune,35097,2015,Maison,6,,,,support insuffisant : 6 < 15
commune,35097,2016,Maison,3,,,,support insuffisant : 3 < 15
commune,35097,2017,Maison,5,,,,support insuffisant : 5 < 15
commune,35097,2018,Maison,13,,,,support insuffisant : 13 < 15
commune,35097,2019,Maison,11,,,,support insuffisant : 11 < 15
commune,35097,2020,Maison,7,,,,support insuffisant : 7 < 15
commune,35097,2021,Maison,6,,,,support insuffisant : 6 < 15
commune,35097,2022,Maison,8,,,,support insuffisant : 8 < 15
commune,35097,2023,Maison,7,,,,support insuffisant : 7 < 15
commune,35097,2024,Maison,9,,,,support insuffisant : 9 < 15
commune,35097,2025,Appartement,1,,,,support insuffisant : 1 < 15
commune,35097,2025,Maison,9,,,,support insuffisant : 9 < 15
commune,35098,2014,Maison,1,,,,support insuffisant : 1 < 15
commune,35098,2015,Maison,3,,,,support insuffisant : 3 < 15
commune,35098,2016,Maison,5,,,,support insuffisant : 5 < 15
commune,35098,2017,Appartement,1,,,,support insuffisant : 1 < 15
commune,35098,2017,Maison,2,,,,support insuffisant : 2 < 15
commune,35098,2018,Maison,8,,,,support insuffisant : 8 < 15
commune,35098,2019,Maison,8,,,,support insuffisant : 8 < 15
commune,35098,2020,Maison,5,,,,support insuffisant : 5 < 15
commune,35098,2021,Maison,9,,,,support insuffisant : 9 < 15
commune,35098,2022,Maison,4,,,,support insuffisant : 4 < 15
commune,35098,2023,Maison,4,,,,support insuffisant : 4 < 15
commune,35098,2024,Maison,2,,,,support insuffisant : 2 < 15
commune,35098,2025,Maison,1,,,,support insuffisant : 1 < 15
commune,35099,2014,Maison,20,1832.0,2041.0,2198.0,
commune,35099,2015,Maison,16,1844.0,2032.0,2149.0,
commune,35099,2016,Appartement,1,,,,support insuffisant : 1 < 15
commune,35099,2016,Maison,21,1718.0,1959.0,2133.0,
commune,35099,2017,Maison,32,1732.0,1942.0,2203.0,
commune,35099,2018,Maison,34,1864.0,2072.0,2408.0,
commune,35099,2019,Maison,28,2144.0,2306.0,2619.0,
commune,35099,2020,Maison,28,2102.0,2357.0,2665.0,
commune,35099,2021,Maison,30,2234.0,2462.0,2760.0,
commune,35099,2022,Maison,23,2700.0,2873.0,3332.0,
commune,35099,2023,Maison,27,2599.0,2985.0,3310.0,
commune,35099,2024,Maison,17,2475.0,2661.0,2991.0,
commune,35099,2025,Maison,18,2688.0,2886.0,3257.0,
commune,35101,2014,Maison,5,,,,support insuffisant : 5 < 15
commune,35101,2015,Maison,7,,,,support insuffisant : 7 < 15
commune,35101,2016,Maison,2,,,,support insuffisant : 2 < 15
commune,35101,2017,Maison,3,,,,support insuffisant : 3 < 15
commune,35101,2018,Maison,7,,,,support insuffisant : 7 < 15
commune,35101,2019,Maison,7,,,,support insuffisant : 7 < 15
commune,35101,2020,Maison,6,,,,support insuffisant : 6 < 15
commune,35101,2021,Maison,8,,,,support insuffisant : 8 < 15
commune,35101,2022,Maison,7,,,,support insuffisant : 7 < 15
commune,35101,2023,Maison,4,,,,support insuffisant : 4 < 15
commune,35101,2024,Maison,4,,,,support insuffisant : 4 < 15
commune,35101,2025,Maison,6,,,,support insuffisant : 6 < 15
commune,35102,2014,Maison,5,,,,support insuffisant : 5 < 15
commune,35102,2015,Maison,6,,,,support insuffisant : 6 < 15
commune,35102,2016,Maison,5,,,,support insuffisant : 5 < 15
commune,35102,2017,Maison,5,,,,support insuffisant : 5 < 15
commune,35102,2018,Maison,2,,,,support insuffisant : 2 < 15
commune,35102,2019,Maison,5,,,,support insuffisant : 5 < 15
commune,35102,2020,Maison,5,,,,support insuffisant : 5 < 15
commune,35102,2021,Maison,2,,,,support insuffisant : 2 < 15
commune,35102,2022,Maison,2,,,,support insuffisant : 2 < 15
commune,35102,2024,Maison,4,,,,support insuffisant : 4 < 15
commune,35102,2025,Maison,1,,,,support insuffisant : 1 < 15
commune,35103,2016,Maison,2,,,,support insuffisant : 2 < 15
commune,35103,2017,Maison,7,,,,support insuffisant : 7 < 15
commune,35103,2018,Maison,3,,,,support insuffisant : 3 < 15
commune,35103,2019,Maison,2,,,,support insuffisant : 2 < 15
commune,35103,2020,Maison,5,,,,support insuffisant : 5 < 15
commune,35103,2021,Maison,4,,,,support insuffisant : 4 < 15
commune,35103,2022,Maison,3,,,,support insuffisant : 3 < 15
commune,35103,2023,Maison,5,,,,support insuffisant : 5 < 15
commune,35103,2024,Maison,2,,,,support insuffisant : 2 < 15
commune,35103,2025,Maison,3,,,,support insuffisant : 3 < 15
commune,35104,2014,Maison,3,,,,support insuffisant : 3 < 15
commune,35104,2015,Maison,6,,,,support insuffisant : 6 < 15
commune,35104,2016,Maison,3,,,,support insuffisant : 3 < 15
commune,35104,2017,Appartement,1,,,,support insuffisant : 1 < 15
commune,35104,2017,Maison,6,,,,support insuffisant : 6 < 15
commune,35104,2018,Maison,6,,,,support insuffisant : 6 < 15
commune,35104,2019,Maison,11,,,,support insuffisant : 11 < 15
commune,35104,2020,Maison,4,,,,support insuffisant : 4 < 15
commune,35104,2021,Maison,2,,,,support insuffisant : 2 < 15
commune,35104,2022,Maison,5,,,,support insuffisant : 5 < 15
commune,35104,2023,Maison,1,,,,support insuffisant : 1 < 15
commune,35104,2024,Maison,2,,,,support insuffisant : 2 < 15
commune,35104,2025,Maison,7,,,,support insuffisant : 7 < 15
commune,35105,2014,Maison,5,,,,support insuffisant : 5 < 15
commune,35105,2015,Maison,3,,,,support insuffisant : 3 < 15
commune,35105,2016,Maison,4,,,,support insuffisant : 4 < 15
commune,35105,2017,Maison,3,,,,support insuffisant : 3 < 15
commune,35105,2018,Maison,8,,,,support insuffisant : 8 < 15
commune,35105,2019,Maison,6,,,,support insuffisant : 6 < 15
commune,35105,2020,Maison,7,,,,support insuffisant : 7 < 15
commune,35105,2021,Maison,8,,,,support insuffisant : 8 < 15
commune,35105,2022,Maison,12,,,,support insuffisant : 12 < 15
commune,35105,2023,Maison,10,,,,support insuffisant : 10 < 15
commune,35105,2024,Maison,6,,,,support insuffisant : 6 < 15
commune,35105,2025,Maison,6,,,,support insuffisant : 6 < 15
commune,35106,2014,Maison,10,,,,support insuffisant : 10 < 15
commune,35106,2015,Maison,12,,,,support insuffisant : 12 < 15
commune,35106,2016,Maison,14,,,,support insuffisant : 14 < 15
commune,35106,2017,Maison,7,,,,support insuffisant : 7 < 15
commune,35106,2018,Maison,7,,,,support insuffisant : 7 < 15
commune,35106,2019,Maison,12,,,,support insuffisant : 12 < 15
commune,35106,2020,Maison,20,1055.0,1417.0,1508.0,
commune,35106,2021,Maison,7,,,,support insuffisant : 7 < 15
commune,35106,2022,Maison,6,,,,support insuffisant : 6 < 15
commune,35106,2023,Maison,7,,,,support insuffisant : 7 < 15
commune,35106,2024,Maison,4,,,,support insuffisant : 4 < 15
commune,35106,2025,Maison,8,,,,support insuffisant : 8 < 15
commune,35107,2014,Maison,4,,,,support insuffisant : 4 < 15
commune,35107,2015,Maison,7,,,,support insuffisant : 7 < 15
commune,35107,2016,Maison,2,,,,support insuffisant : 2 < 15
commune,35107,2017,Maison,4,,,,support insuffisant : 4 < 15
commune,35107,2018,Maison,10,,,,support insuffisant : 10 < 15
commune,35107,2019,Maison,5,,,,support insuffisant : 5 < 15
commune,35107,2020,Maison,10,,,,support insuffisant : 10 < 15
commune,35107,2021,Maison,7,,,,support insuffisant : 7 < 15
commune,35107,2022,Maison,6,,,,support insuffisant : 6 < 15
commune,35107,2023,Maison,2,,,,support insuffisant : 2 < 15
commune,35107,2024,Maison,9,,,,support insuffisant : 9 < 15
commune,35107,2025,Maison,6,,,,support insuffisant : 6 < 15
commune,35108,2014,Maison,5,,,,support insuffisant : 5 < 15
commune,35108,2015,Maison,3,,,,support insuffisant : 3 < 15
commune,35108,2016,Maison,2,,,,support insuffisant : 2 < 15
commune,35108,2017,Maison,4,,,,support insuffisant : 4 < 15
commune,35108,2018,Maison,4,,,,support insuffisant : 4 < 15
commune,35108,2019,Maison,1,,,,support insuffisant : 1 < 15
commune,35108,2020,Maison,5,,,,support insuffisant : 5 < 15
commune,35108,2021,Maison,9,,,,support insuffisant : 9 < 15
commune,35108,2022,Maison,10,,,,support insuffisant : 10 < 15
commune,35108,2023,Maison,3,,,,support insuffisant : 3 < 15
commune,35108,2024,Maison,2,,,,support insuffisant : 2 < 15
commune,35108,2025,Maison,6,,,,support insuffisant : 6 < 15
commune,35109,2014,Appartement,1,,,,support insuffisant : 1 < 15
commune,35109,2014,Maison,9,,,,support insuffisant : 9 < 15
commune,35109,2015,Maison,8,,,,support insuffisant : 8 < 15
commune,35109,2016,Appartement,1,,,,support insuffisant : 1 < 15
commune,35109,2016,Maison,11,,,,support insuffisant : 11 < 15
commune,35109,2017,Appartement,1,,,,support insuffisant : 1 < 15
commune,35109,2017,Maison,12,,,,support insuffisant : 12 < 15
commune,35109,2018,Appartement,3,,,,support insuffisant : 3 < 15
commune,35109,2018,Maison,7,,,,support insuffisant : 7 < 15
commune,35109,2019,Maison,21,1383.0,1555.0,1782.0,
commune,35109,2020,Maison,18,1628.0,1701.0,1745.0,
commune,35109,2021,Maison,17,1386.0,1889.0,2029.0,
commune,35109,2022,Appartement,1,,,,support insuffisant : 1 < 15
commune,35109,2022,Maison,17,1776.0,1955.0,2193.0,
commune,35109,2023,Maison,13,,,,support insuffisant : 13 < 15
commune,35109,2024,Maison,5,,,,support insuffisant : 5 < 15
commune,35109,2025,Maison,9,,,,support insuffisant : 9 < 15
commune,35110,2014,Maison,3,,,,support insuffisant : 3 < 15
commune,35110,2015,Maison,3,,,,support insuffisant : 3 < 15
commune,35110,2016,Maison,7,,,,support insuffisant : 7 < 15
commune,35110,2017,Maison,2,,,,support insuffisant : 2 < 15
commune,35110,2018,Maison,3,,,,support insuffisant : 3 < 15
commune,35110,2019,Maison,10,,,,support insuffisant : 10 < 15
commune,35110,2020,Maison,7,,,,support insuffisant : 7 < 15
commune,35110,2021,Maison,2,,,,support insuffisant : 2 < 15
commune,35110,2022,Maison,3,,,,support insuffisant : 3 < 15
commune,35110,2023,Maison,4,,,,support insuffisant : 4 < 15
commune,35110,2025,Maison,7,,,,support insuffisant : 7 < 15
commune,35111,2014,Maison,4,,,,support insuffisant : 4 < 15
commune,35111,2015,Maison,2,,,,support insuffisant : 2 < 15
commune,35111,2016,Maison,4,,,,support insuffisant : 4 < 15
commune,35111,2017,Maison,4,,,,support insuffisant : 4 < 15
commune,35111,2018,Maison,4,,,,support insuffisant : 4 < 15
commune,35111,2019,Maison,6,,,,support insuffisant : 6 < 15
commune,35111,2020,Maison,8,,,,support insuffisant : 8 < 15
commune,35111,2021,Maison,5,,,,support insuffisant : 5 < 15
commune,35111,2022,Maison,5,,,,support insuffisant : 5 < 15
commune,35111,2023,Maison,3,,,,support insuffisant : 3 < 15
commune,35111,2024,Maison,3,,,,support insuffisant : 3 < 15
commune,35111,2025,Maison,3,,,,support insuffisant : 3 < 15
commune,35114,2014,Maison,1,,,,support insuffisant : 1 < 15
commune,35114,2015,Maison,2,,,,support insuffisant : 2 < 15
commune,35114,2016,Maison,2,,,,support insuffisant : 2 < 15
commune,35114,2017,Maison,1,,,,support insuffisant : 1 < 15
commune,35114,2020,Maison,2,,,,support insuffisant : 2 < 15
commune,35114,2021,Maison,1,,,,support insuffisant : 1 < 15
commune,35114,2023,Maison,2,,,,support insuffisant : 2 < 15
commune,35114,2024,Maison,2,,,,support insuffisant : 2 < 15
commune,35114,2025,Maison,1,,,,support insuffisant : 1 < 15
commune,35115,2014,Appartement,59,746.0,896.0,1173.0,
commune,35115,2014,Maison,84,1129.0,1411.0,1680.0,
commune,35115,2015,Appartement,51,748.0,882.0,1139.0,
commune,35115,2015,Maison,106,1146.0,1400.0,1683.0,
commune,35115,2016,Appartement,92,829.0,1049.0,1338.0,
commune,35115,2016,Maison,99,1063.0,1419.0,1612.0,
commune,35115,2017,Appartement,105,932.0,1337.0,2336.0,
commune,35115,2017,Maison,93,1104.0,1462.0,1736.0,
commune,35115,2018,Appartement,74,903.0,1123.0,1337.0,
commune,35115,2018,Maison,117,1212.0,1448.0,1790.0,
commune,35115,2019,Appartement,109,1000.0,1213.0,1512.0,
commune,35115,2019,Maison,139,1114.0,1429.0,1736.0,
commune,35115,2020,Appartement,90,1188.0,1378.0,1614.0,
commune,35115,2020,Maison,118,1353.0,1615.0,1907.0,
commune,35115,2021,Appartement,61,1156.0,1385.0,1538.0,
commune,35115,2021,Maison,94,1412.0,1736.0,2065.0,
commune,35115,2022,Appartement,34,1412.0,1759.0,2034.0,
commune,35115,2022,Maison,103,1562.0,1985.0,2275.0,
commune,35115,2023,Appartement,29,1538.0,1775.0,2157.0,
commune,35115,2023,Maison,64,1788.0,2107.0,2473.0,
commune,35115,2024,Appartement,35,1345.0,1596.0,2112.0,
commune,35115,2024,Maison,88,1524.0,1800.0,2299.0,
commune,35115,2025,Appartement,34,1332.0,1638.0,2056.0,
commune,35115,2025,Maison,83,1578.0,2042.0,2407.0,
commune,35116,2014,Maison,9,,,,support insuffisant : 9 < 15
commune,35116,2015,Maison,13,,,,support insuffisant : 13 < 15
commune,35116,2016,Appartement,1,,,,support insuffisant : 1 < 15
commune,35116,2016,Maison,13,,,,support insuffisant : 13 < 15
commune,35116,2017,Maison,26,1287.0,1554.0,1757.0,
commune,35116,2018,Maison,11,,,,support insuffisant : 11 < 15
commune,35116,2019,Maison,22,1402.0,1731.0,2118.0,
commune,35116,2020,Maison,14,,,,support insuffisant : 14 < 15
commune,35116,2021,Appartement,2,,,,support insuffisant : 2 < 15
commune,35116,2021,Maison,19,1722.0,2113.0,2396.0,
commune,35116,2022,Appartement,1,,,,support insuffisant : 1 < 15
commune,35116,2022,Maison,11,,,,support insuffisant : 11 < 15
commune,35116,2023,Appartement,1,,,,support insuffisant : 1 < 15
commune,35116,2023,Maison,11,,,,support insuffisant : 11 < 15
commune,35116,2024,Appartement,1,,,,support insuffisant : 1 < 15
commune,35116,2024,Maison,10,,,,support insuffisant : 10 < 15
commune,35116,2025,Maison,7,,,,support insuffisant : 7 < 15
commune,35117,2014,Maison,3,,,,support insuffisant : 3 < 15
commune,35117,2015,Maison,2,,,,support insuffisant : 2 < 15
commune,35117,2016,Maison,5,,,,support insuffisant : 5 < 15
commune,35117,2017,Maison,4,,,,support insuffisant : 4 < 15
commune,35117,2018,Maison,4,,,,support insuffisant : 4 < 15
commune,35117,2019,Maison,6,,,,support insuffisant : 6 < 15
commune,35117,2020,Maison,10,,,,support insuffisant : 10 < 15
commune,35117,2021,Maison,3,,,,support insuffisant : 3 < 15
commune,35117,2022,Maison,7,,,,support insuffisant : 7 < 15
commune,35117,2023,Maison,3,,,,support insuffisant : 3 < 15
commune,35117,2024,Maison,2,,,,support insuffisant : 2 < 15
commune,35117,2025,Maison,2,,,,support insuffisant : 2 < 15
commune,35118,2014,Maison,9,,,,support insuffisant : 9 < 15
commune,35118,2015,Maison,1,,,,support insuffisant : 1 < 15
commune,35118,2016,Maison,5,,,,support insuffisant : 5 < 15
commune,35118,2017,Maison,5,,,,support insuffisant : 5 < 15
commune,35118,2018,Maison,9,,,,support insuffisant : 9 < 15
commune,35118,2019,Maison,4,,,,support insuffisant : 4 < 15
commune,35118,2020,Maison,4,,,,support insuffisant : 4 < 15
commune,35118,2021,Maison,5,,,,support insuffisant : 5 < 15
commune,35118,2022,Maison,3,,,,support insuffisant : 3 < 15
commune,35118,2023,Maison,4,,,,support insuffisant : 4 < 15
commune,35118,2024,Maison,3,,,,support insuffisant : 3 < 15
commune,35118,2025,Maison,3,,,,support insuffisant : 3 < 15
commune,35119,2014,Maison,1,,,,support insuffisant : 1 < 15
commune,35119,2015,Maison,4,,,,support insuffisant : 4 < 15
commune,35119,2016,Maison,3,,,,support insuffisant : 3 < 15
commune,35119,2017,Maison,7,,,,support insuffisant : 7 < 15
commune,35119,2018,Maison,3,,,,support insuffisant : 3 < 15
commune,35119,2019,Maison,7,,,,support insuffisant : 7 < 15
commune,35119,2020,Maison,7,,,,support insuffisant : 7 < 15
commune,35119,2021,Maison,5,,,,support insuffisant : 5 < 15
commune,35119,2022,Maison,3,,,,support insuffisant : 3 < 15
commune,35119,2023,Maison,3,,,,support insuffisant : 3 < 15
commune,35119,2024,Maison,1,,,,support insuffisant : 1 < 15
commune,35119,2025,Maison,7,,,,support insuffisant : 7 < 15
commune,35120,2014,Maison,22,1886.0,2139.0,2574.0,
commune,35120,2015,Maison,43,1787.0,2054.0,2302.0,
commune,35120,2016,Appartement,1,,,,support insuffisant : 1 < 15
commune,35120,2016,Maison,43,1907.0,2120.0,2289.0,
commune,35120,2017,Appartement,2,,,,support insuffisant : 2 < 15
commune,35120,2017,Maison,57,2014.0,2224.0,2346.0,
commune,35120,2018,Appartement,2,,,,support insuffisant : 2 < 15
commune,35120,2018,Maison,47,1962.0,2238.0,2541.0,
commune,35120,2019,Maison,40,2243.0,2402.0,2580.0,
commune,35120,2020,Appartement,2,,,,support insuffisant : 2 < 15
commune,35120,2020,Maison,40,2143.0,2553.0,2706.0,
commune,35120,2021,Maison,40,2537.0,2685.0,3004.0,
commune,35120,2022,Appartement,1,,,,support insuffisant : 1 < 15
commune,35120,2022,Maison,50,2821.0,3180.0,3376.0,
commune,35120,2023,Maison,32,2821.0,3134.0,3324.0,
commune,35120,2024,Maison,24,2740.0,3040.0,3254.0,
commune,35120,2025,Appartement,1,,,,support insuffisant : 1 < 15
commune,35120,2025,Maison,38,2575.0,2904.0,3104.0,
commune,35121,2014,Maison,9,,,,support insuffisant : 9 < 15
commune,35121,2015,Maison,11,,,,support insuffisant : 11 < 15
commune,35121,2016,Maison,13,,,,support insuffisant : 13 < 15
commune,35121,2017,Maison,14,,,,support insuffisant : 14 < 15
commune,35121,2018,Appartement,1,,,,support insuffisant : 1 < 15
commune,35121,2018,Maison,8,,,,support insuffisant : 8 < 15
commune,35121,2019,Maison,8,,,,support insuffisant : 8 < 15
commune,35121,2020,Appartement,1,,,,support insuffisant : 1 < 15
commune,35121,2020,Maison,14,,,,support insuffisant : 14 < 15
commune,35121,2021,Maison,8,,,,support insuffisant : 8 < 15
commune,35121,2022,Maison,6,,,,support insuffisant : 6 < 15
commune,35121,2023,Maison,12,,,,support insuffisant : 12 < 15
commune,35121,2024,Maison,5,,,,support insuffisant : 5 < 15
commune,35121,2025,Maison,7,,,,support insuffisant : 7 < 15
commune,35122,2014,Maison,6,,,,support insuffisant : 6 < 15
commune,35122,2015,Appartement,1,,,,support insuffisant : 1 < 15
commune,35122,2015,Maison,16,1471.0,1854.0,2123.0,
commune,35122,2016,Appartement,1,,,,support insuffisant : 1 < 15
commune,35122,2016,Maison,15,1583.0,1818.0,2105.0,
commune,35122,2017,Maison,19,1665.0,1899.0,2252.0,
commune,35122,2018,Appartement,2,,,,support insuffisant : 2 < 15
commune,35122,2018,Maison,16,1347.0,1939.0,2346.0,
commune,35122,2019,Maison,22,1610.0,1855.0,2189.0,
commune,35122,2020,Appartement,1,,,,support insuffisant : 1 < 15
commune,35122,2020,Maison,20,2075.0,2318.0,2728.0,
commune,35122,2021,Appartement,2,,,,support insuffisant : 2 < 15
commune,35122,2021,Maison,16,2369.0,2657.0,2953.0,
commune,35122,2022,Maison,7,,,,support insuffisant : 7 < 15
commune,35122,2023,Appartement,1,,,,support insuffisant : 1 < 15
commune,35122,2023,Maison,13,,,,support insuffisant : 13 < 15
commune,35122,2024,Maison,9,,,,support insuffisant : 9 < 15
commune,35122,2025,Appartement,1,,,,support insuffisant : 1 < 15
commune,35122,2025,Maison,13,,,,support insuffisant : 13 < 15
commune,35123,2014,Maison,14,,,,support insuffisant : 14 < 15
commune,35123,2015,Maison,28,1309.0,1748.0,1872.0,
commune,35123,2016,Maison,28,1208.0,1778.0,1885.0,
commune,35123,2017,Maison,21,1500.0,1672.0,1927.0,
commune,35123,2018,Appartement,1,,,,support insuffisant : 1 < 15
commune,35123,2018,Maison,30,1843.0,2003.0,2118.0,
commune,35123,2019,Appartement,1,,,,support insuffisant : 1 < 15
commune,35123,2019,Maison,34,1688.0,1904.0,2117.0,
commune,35123,2020,Appartement,1,,,,support insuffisant : 1 < 15
commune,35123,2020,Maison,38,1649.0,1929.0,2207.0,
commune,35123,2021,Maison,29,1964.0,2128.0,2402.0,
commune,35123,2022,Maison,19,1963.0,2325.0,2737.0,
commune,35123,2023,Maison,12,,,,support insuffisant : 12 < 15
commune,35123,2024,Maison,21,2124.0,2355.0,2781.0,
commune,35123,2025,Maison,18,1759.0,2116.0,2421.0,
commune,35124,2014,Maison,11,,,,support insuffisant : 11 < 15
commune,35124,2015,Maison,19,678.0,948.0,1343.0,
commune,35124,2016,Maison,13,,,,support insuffisant : 13 < 15
commune,35124,2017,Maison,12,,,,support insuffisant : 12 < 15
commune,35124,2018,Maison,11,,,,support insuffisant : 11 < 15
commune,35124,2019,Maison,17,1048.0,1284.0,1486.0,
commune,35124,2020,Maison,16,869.0,1292.0,1515.0,
commune,35124,2021,Maison,10,,,,support insuffisant : 10 < 15
commune,35124,2022,Appartement,1,,,,support insuffisant : 1 < 15
commune,35124,2022,Maison,8,,,,support insuffisant : 8 < 15
commune,35124,2023,Appartement,1,,,,support insuffisant : 1 < 15
commune,35124,2023,Maison,10,,,,support insuffisant : 10 < 15
commune,35124,2024,Maison,8,,,,support insuffisant : 8 < 15
commune,35124,2025,Maison,6,,,,support insuffisant : 6 < 15
commune,35125,2014,Appartement,6,,,,support insuffisant : 6 < 15
commune,35125,2014,Maison,22,819.0,998.0,1297.0,
commune,35125,2015,Appartement,1,,,,support insuffisant : 1 < 15
commune,35125,2015,Maison,28,932.0,1238.0,1483.0,
commune,35125,2016,Maison,25,886.0,984.0,1316.0,
commune,35125,2017,Appartement,3,,,,support insuffisant : 3 < 15
commune,35125,2017,Maison,29,816.0,1163.0,1539.0,
commune,35125,2018,Appartement,3,,,,support insuffisant : 3 < 15
commune,35125,2018,Maison,26,773.0,1096.0,1534.0,
commune,35125,2019,Appartement,4,,,,support insuffisant : 4 < 15
commune,35125,2019,Maison,40,901.0,1187.0,1546.0,
commune,35125,2020,Appartement,7,,,,support insuffisant : 7 < 15
commune,35125,2020,Maison,45,875.0,1174.0,1429.0,
commune,35125,2021,Appartement,5,,,,support insuffisant : 5 < 15
commune,35125,2021,Maison,33,1031.0,1389.0,1640.0,
commune,35125,2022,Maison,23,1061.0,1507.0,1921.0,
commune,35125,2023,Maison,31,1254.0,1703.0,1882.0,
commune,35125,2024,Appartement,2,,,,support insuffisant : 2 < 15
commune,35125,2024,Maison,23,1345.0,1623.0,1770.0,
commune,35125,2025,Maison,21,1391.0,1595.0,1900.0,
commune,35126,2014,Appartement,1,,,,support insuffisant : 1 < 15
commune,35126,2014,Maison,39,1459.0,1806.0,2027.0,
commune,35126,2015,Appartement,2,,,,support insuffisant : 2 < 15
commune,35126,2015,Maison,55,1558.0,1868.0,2105.0,
commune,35126,2016,Appartement,1,,,,support insuffisant : 1 < 15
commune,35126,2016,Maison,48,1739.0,1916.0,2199.0,
commune,35126,2017,Appartement,10,,,,support insuffisant : 10 < 15
commune,35126,2017,Maison,49,1687.0,1863.0,2126.0,
commune,35126,2018,Appartement,4,,,,support insuffisant : 4 < 15
commune,35126,2018,Maison,57,1660.0,2031.0,2223.0,
commune,35126,2019,Appartement,6,,,,support insuffisant : 6 < 15
commune,35126,2019,Maison,56,1780.0,2006.0,2261.0,
commune,35126,2020,Appartement,3,,,,support insuffisant : 3 < 15
commune,35126,2020,Maison,67,2028.0,2318.0,2595.0,
commune,35126,2021,Appartement,4,,,,support insuffisant : 4 < 15
commune,35126,2021,Maison,67,2001.0,2290.0,2784.0,
commune,35126,2022,Appartement,1,,,,support insuffisant : 1 < 15
commune,35126,2022,Maison,49,2333.0,2686.0,2947.0,
commune,35126,2023,Appartement,2,,,,support insuffisant : 2 < 15
commune,35126,2023,Maison,32,2432.0,2804.0,3184.0,
commune,35126,2024,Appartement,2,,,,support insuffisant : 2 < 15
commune,35126,2024,Maison,34,2434.0,2563.0,2719.0,
commune,35126,2025,Appartement,1,,,,support insuffisant : 1 < 15
commune,35126,2025,Maison,37,2366.0,2584.0,2898.0,
commune,35127,2014,Maison,19,1498.0,1638.0,1957.0,
commune,35127,2015,Maison,14,,,,support insuffisant : 14 < 15
commune,35127,2016,Maison,15,1345.0,1622.0,1756.0,
commune,35127,2017,Maison,17,1321.0,1580.0,1857.0,
commune,35127,2018,Maison,20,1537.0,1863.0,2004.0,
commune,35127,2019,Maison,28,1387.0,1822.0,2055.0,
commune,35127,2020,Maison,25,1519.0,1822.0,2017.0,
commune,35127,2021,Maison,22,1809.0,2045.0,2348.0,
commune,35127,2022,Maison,23,2220.0,2456.0,2770.0,
commune,35127,2023,Maison,19,2324.0,2455.0,2670.0,
commune,35127,2024,Maison,11,,,,support insuffisant : 11 < 15
commune,35127,2025,Maison,17,2182.0,2388.0,2451.0,
commune,35128,2014,Maison,4,,,,support insuffisant : 4 < 15
commune,35128,2015,Maison,6,,,,support insuffisant : 6 < 15
commune,35128,2016,Maison,8,,,,support insuffisant : 8 < 15
commune,35128,2017,Maison,13,,,,support insuffisant : 13 < 15
commune,35128,2018,Maison,11,,,,support insuffisant : 11 < 15
commune,35128,2019,Maison,12,,,,support insuffisant : 12 < 15
commune,35128,2020,Maison,6,,,,support insuffisant : 6 < 15
commune,35128,2021,Maison,10,,,,support insuffisant : 10 < 15
commune,35128,2022,Maison,6,,,,support insuffisant : 6 < 15
commune,35128,2023,Maison,8,,,,support insuffisant : 8 < 15
commune,35128,2024,Maison,8,,,,support insuffisant : 8 < 15
commune,35128,2025,Appartement,2,,,,support insuffisant : 2 < 15
commune,35128,2025,Maison,5,,,,support insuffisant : 5 < 15
commune,35130,2014,Maison,6,,,,support insuffisant : 6 < 15
commune,35130,2015,Appartement,2,,,,support insuffisant : 2 < 15
commune,35130,2015,Maison,11,,,,support insuffisant : 11 < 15
commune,35130,2016,Appartement,1,,,,support insuffisant : 1 < 15
commune,35130,2016,Maison,11,,,,support insuffisant : 11 < 15
commune,35130,2017,Appartement,1,,,,support insuffisant : 1 < 15
commune,35130,2017,Maison,9,,,,support insuffisant : 9 < 15
commune,35130,2018,Appartement,2,,,,support insuffisant : 2 < 15
commune,35130,2018,Maison,7,,,,support insuffisant : 7 < 15
commune,35130,2019,Appartement,2,,,,support insuffisant : 2 < 15
commune,35130,2019,Maison,16,1398.0,1643.0,1930.0,
commune,35130,2020,Appartement,1,,,,support insuffisant : 1 < 15
commune,35130,2020,Maison,13,,,,support insuffisant : 13 < 15
commune,35130,2021,Appartement,1,,,,support insuffisant : 1 < 15
commune,35130,2021,Maison,12,,,,support insuffisant : 12 < 15
commune,35130,2022,Maison,11,,,,support insuffisant : 11 < 15
commune,35130,2023,Appartement,1,,,,support insuffisant : 1 < 15
commune,35130,2023,Maison,16,1896.0,2218.0,2383.0,
commune,35130,2024,Maison,4,,,,support insuffisant : 4 < 15
commune,35130,2025,Maison,9,,,,support insuffisant : 9 < 15
commune,35131,2014,Appartement,1,,,,support insuffisant : 1 < 15
commune,35131,2014,Maison,15,1395.0,1897.0,2153.0,
commune,35131,2015,Appartement,1,,,,support insuffisant : 1 < 15
commune,35131,2015,Maison,31,1928.0,2200.0,2421.0,
commune,35131,2016,Appartement,3,,,,support insuffisant : 3 < 15
commune,35131,2016,Maison,35,1784.0,1981.0,2118.0,
commune,35131,2017,Appartement,6,,,,support insuffisant : 6 < 15
commune,35131,2017,Maison,25,1636.0,1970.0,2267.0,
commune,35131,2018,Appartement,2,,,,support insuffisant : 2 < 15
commune,35131,2018,Maison,29,1826.0,2081.0,2332.0,
commune,35131,2019,Appartement,4,,,,support insuffisant : 4 < 15
commune,35131,2019,Maison,26,1835.0,2085.0,2386.0,
commune,35131,2020,Appartement,2,,,,support insuffisant : 2 < 15
commune,35131,2020,Maison,33,1862.0,2304.0,2439.0,
commune,35131,2021,Appartement,2,,,,support insuffisant : 2 < 15
commune,35131,2021,Maison,34,2417.0,2717.0,3046.0,
commune,35131,2022,Maison,24,2354.0,2643.0,2979.0,
commune,35131,2023,Appartement,4,,,,support insuffisant : 4 < 15
commune,35131,2023,Maison,21,2319.0,2829.0,3289.0,
commune,35131,2024,Maison,19,2460.0,2644.0,2990.0,
commune,35131,2025,Appartement,2,,,,support insuffisant : 2 < 15
commune,35131,2025,Maison,28,2175.0,2532.0,2796.0,
commune,35132,2014,Maison,12,,,,support insuffisant : 12 < 15
commune,35132,2015,Maison,8,,,,support insuffisant : 8 < 15
commune,35132,2016,Appartement,1,,,,support insuffisant : 1 < 15
commune,35132,2016,Maison,8,,,,support insuffisant : 8 < 15
commune,35132,2017,Maison,12,,,,support insuffisant : 12 < 15
commune,35132,2018,Maison,12,,,,support insuffisant : 12 < 15
commune,35132,2019,Maison,15,1392.0,1588.0,1862.0,
commune,35132,2020,Maison,12,,,,support insuffisant : 12 < 15
commune,35132,2021,Maison,11,,,,support insuffisant : 11 < 15
commune,35132,2022,Maison,10,,,,support insuffisant : 10 < 15
commune,35132,2023,Maison,4,,,,support insuffisant : 4 < 15
commune,35132,2024,Maison,4,,,,support insuffisant : 4 < 15
commune,35132,2025,Maison,8,,,,support insuffisant : 8 < 15
commune,35133,2014,Maison,26,1259.0,1480.0,1690.0,
commune,35133,2015,Maison,20,1053.0,1360.0,1728.0,
commune,35133,2016,Maison,30,1288.0,1461.0,1642.0,
commune,35133,2017,Maison,40,1052.0,1403.0,1617.0,
commune,35133,2018,Maison,23,1204.0,1475.0,1803.0,
commune,35133,2019,Maison,34,1221.0,1532.0,1768.0,
commune,35133,2020,Maison,43,1158.0,1488.0,1892.0,
commune,35133,2021,Maison,30,1259.0,1745.0,2055.0,
commune,35133,2022,Maison,25,1798.0,2026.0,2394.0,
commune,35133,2023,Maison,21,1829.0,2083.0,2186.0,
commune,35133,2024,Maison,14,,,,support insuffisant : 14 < 15
commune,35133,2025,Maison,16,1687.0,2143.0,2254.0,
commune,35134,2015,Maison,1,,,,support insuffisant : 1 < 15
commune,35134,2017,Maison,1,,,,support insuffisant : 1 < 15
commune,35135,2014,Maison,5,,,,support insuffisant : 5 < 15
commune,35135,2015,Maison,8,,,,support insuffisant : 8 < 15
commune,35135,2016,Maison,9,,,,support insuffisant : 9 < 15
commune,35135,2017,Maison,11,,,,support insuffisant : 11 < 15
commune,35135,2018,Appartement,1,,,,support insuffisant : 1 < 15
commune,35135,2018,Maison,9,,,,support insuffisant : 9 < 15
commune,35135,2019,Maison,17,1392.0,1702.0,1877.0,
commune,35135,2020,Maison,6,,,,support insuffisant : 6 < 15
commune,35135,2021,Maison,15,1556.0,2034.0,2213.0,
commune,35135,2022,Maison,13,,,,support insuffisant : 13 < 15
commune,35135,2023,Maison,8,,,,support insuffisant : 8 < 15
commune,35135,2024,Maison,6,,,,support insuffisant : 6 < 15
commune,35135,2025,Maison,7,,,,support insuffisant : 7 < 15
commune,35136,2014,Maison,44,1376.0,1652.0,1887.0,
commune,35136,2015,Appartement,2,,,,support insuffisant : 2 < 15
commune,35136,2015,Maison,41,1463.0,1608.0,1830.0,
commune,35136,2016,Appartement,2,,,,support insuffisant : 2 < 15
commune,35136,2016,Maison,49,1385.0,1667.0,1896.0,
commune,35136,2017,Maison,51,1695.0,1808.0,2026.0,
commune,35136,2018,Appartement,4,,,,support insuffisant : 4 < 15
commune,35136,2018,Maison,53,1436.0,1667.0,1926.0,
commune,35136,2019,Appartement,5,,,,support insuffisant : 5 < 15
commune,35136,2019,Maison,68,1563.0,1779.0,1990.0,
commune,35136,2020,Appartement,2,,,,support insuffisant : 2 < 15
commune,35136,2020,Maison,67,1791.0,2017.0,2248.0,
commune,35136,2021,Appartement,6,,,,support insuffisant : 6 < 15
commune,35136,2021,Maison,56,1872.0,2143.0,2363.0,
commune,35136,2022,Appartement,2,,,,support insuffisant : 2 < 15
commune,35136,2022,Maison,52,2033.0,2259.0,2570.0,
commune,35136,2023,Maison,45,2120.0,2455.0,2635.0,
commune,35136,2024,Appartement,1,,,,support insuffisant : 1 < 15
commune,35136,2024,Maison,38,2156.0,2461.0,2702.0,
commune,35136,2025,Maison,42,2045.0,2416.0,2832.0,
commune,35137,2014,Appartement,1,,,,support insuffisant : 1 < 15
commune,35137,2014,Maison,3,,,,support insuffisant : 3 < 15
commune,35137,2015,Maison,11,,,,support insuffisant : 11 < 15
commune,35137,2016,Maison,10,,,,support insuffisant : 10 < 15
commune,35137,2017,Maison,8,,,,support insuffisant : 8 < 15
commune,35137,2018,Maison,13,,,,support insuffisant : 13 < 15
commune,35137,2019,Maison,8,,,,support insuffisant : 8 < 15
commune,35137,2020,Maison,20,1609.0,1758.0,1897.0,
commune,35137,2021,Maison,13,,,,support insuffisant : 13 < 15
commune,35137,2022,Maison,9,,,,support insuffisant : 9 < 15
commune,35137,2023,Maison,7,,,,support insuffisant : 7 < 15
commune,35137,2024,Maison,10,,,,support insuffisant : 10 < 15
commune,35137,2025,Maison,11,,,,support insuffisant : 11 < 15
commune,35138,2014,Maison,5,,,,support insuffisant : 5 < 15
commune,35138,2015,Maison,2,,,,support insuffisant : 2 < 15
commune,35138,2016,Maison,7,,,,support insuffisant : 7 < 15
commune,35138,2017,Maison,8,,,,support insuffisant : 8 < 15
commune,35138,2018,Maison,2,,,,support insuffisant : 2 < 15
commune,35138,2019,Maison,9,,,,support insuffisant : 9 < 15
commune,35138,2020,Maison,9,,,,support insuffisant : 9 < 15
commune,35138,2021,Maison,3,,,,support insuffisant : 3 < 15
commune,35138,2022,Maison,4,,,,support insuffisant : 4 < 15
commune,35138,2023,Maison,4,,,,support insuffisant : 4 < 15
commune,35138,2024,Maison,6,,,,support insuffisant : 6 < 15
commune,35138,2025,Maison,4,,,,support insuffisant : 4 < 15
commune,35139,2014,Maison,37,1724.0,1962.0,2270.0,
commune,35139,2015,Appartement,2,,,,support insuffisant : 2 < 15
commune,35139,2015,Maison,33,1834.0,2042.0,2233.0,
commune,35139,2016,Appartement,1,,,,support insuffisant : 1 < 15
commune,35139,2016,Maison,30,1709.0,1997.0,2305.0,
commune,35139,2017,Maison,46,1856.0,2106.0,2382.0,
commune,35139,2018,Maison,36,1870.0,2029.0,2221.0,
commune,35139,2019,Appartement,3,,,,support insuffisant : 3 < 15
commune,35139,2019,Maison,35,1833.0,2096.0,2436.0,
commune,35139,2020,Maison,38,2106.0,2258.0,2623.0,
commune,35139,2021,Appartement,6,,,,support insuffisant : 6 < 15
commune,35139,2021,Maison,33,2368.0,2632.0,2917.0,
commune,35139,2022,Appartement,6,,,,support insuffisant : 6 < 15
commune,35139,2022,Maison,30,2520.0,2661.0,2989.0,
commune,35139,2023,Appartement,7,,,,support insuffisant : 7 < 15
commune,35139,2023,Maison,29,2200.0,2736.0,3144.0,
commune,35139,2024,Appartement,6,,,,support insuffisant : 6 < 15
commune,35139,2024,Maison,31,2461.0,2715.0,2961.0,
commune,35139,2025,Appartement,1,,,,support insuffisant : 1 < 15
commune,35139,2025,Maison,29,2533.0,2660.0,2929.0,
commune,35140,2014,Maison,3,,,,support insuffisant : 3 < 15
commune,35140,2015,Maison,3,,,,support insuffisant : 3 < 15
commune,35140,2016,Maison,4,,,,support insuffisant : 4 < 15
commune,35140,2017,Maison,5,,,,support insuffisant : 5 < 15
commune,35140,2018,Maison,5,,,,support insuffisant : 5 < 15
commune,35140,2019,Maison,2,,,,support insuffisant : 2 < 15
commune,35140,2021,Maison,3,,,,support insuffisant : 3 < 15
commune,35140,2022,Maison,5,,,,support insuffisant : 5 < 15
commune,35140,2023,Maison,2,,,,support insuffisant : 2 < 15
commune,35140,2024,Maison,1,,,,support insuffisant : 1 < 15
commune,35141,2015,Maison,2,,,,support insuffisant : 2 < 15
commune,35141,2016,Maison,3,,,,support insuffisant : 3 < 15
commune,35141,2017,Maison,7,,,,support insuffisant : 7 < 15
commune,35141,2018,Maison,5,,,,support insuffisant : 5 < 15
commune,35141,2019,Maison,6,,,,support insuffisant : 6 < 15
commune,35141,2020,Maison,9,,,,support insuffisant : 9 < 15
commune,35141,2021,Maison,6,,,,support insuffisant : 6 < 15
commune,35141,2022,Maison,4,,,,support insuffisant : 4 < 15
commune,35141,2023,Maison,1,,,,support insuffisant : 1 < 15
commune,35141,2024,Maison,7,,,,support insuffisant : 7 < 15
commune,35141,2025,Maison,2,,,,support insuffisant : 2 < 15
commune,35142,2014,Maison,4,,,,support insuffisant : 4 < 15
commune,35142,2015,Appartement,3,,,,support insuffisant : 3 < 15
commune,35142,2015,Maison,4,,,,support insuffisant : 4 < 15
commune,35142,2016,Maison,9,,,,support insuffisant : 9 < 15
commune,35142,2017,Appartement,2,,,,support insuffisant : 2 < 15
commune,35142,2017,Maison,6,,,,support insuffisant : 6 < 15
commune,35142,2018,Appartement,1,,,,support insuffisant : 1 < 15
commune,35142,2018,Maison,1,,,,support insuffisant : 1 < 15
commune,35142,2019,Maison,5,,,,support insuffisant : 5 < 15
commune,35142,2020,Maison,10,,,,support insuffisant : 10 < 15
commune,35142,2021,Appartement,2,,,,support insuffisant : 2 < 15
commune,35142,2021,Maison,6,,,,support insuffisant : 6 < 15
commune,35142,2022,Maison,6,,,,support insuffisant : 6 < 15
commune,35142,2023,Maison,3,,,,support insuffisant : 3 < 15
commune,35142,2024,Maison,6,,,,support insuffisant : 6 < 15
commune,35142,2025,Maison,4,,,,support insuffisant : 4 < 15
commune,35143,2015,Maison,3,,,,support insuffisant : 3 < 15
commune,35143,2016,Maison,5,,,,support insuffisant : 5 < 15
commune,35143,2017,Maison,6,,,,support insuffisant : 6 < 15
commune,35143,2018,Maison,3,,,,support insuffisant : 3 < 15
commune,35143,2019,Maison,4,,,,support insuffisant : 4 < 15
commune,35143,2020,Maison,4,,,,support insuffisant : 4 < 15
commune,35143,2021,Maison,4,,,,support insuffisant : 4 < 15
commune,35143,2022,Maison,4,,,,support insuffisant : 4 < 15
commune,35143,2023,Maison,2,,,,support insuffisant : 2 < 15
commune,35143,2024,Maison,5,,,,support insuffisant : 5 < 15
commune,35143,2025,Maison,4,,,,support insuffisant : 4 < 15
commune,35144,2014,Maison,6,,,,support insuffisant : 6 < 15
commune,35144,2015,Maison,6,,,,support insuffisant : 6 < 15
commune,35144,2016,Appartement,1,,,,support insuffisant : 1 < 15
commune,35144,2016,Maison,12,,,,support insuffisant : 12 < 15
commune,35144,2017,Maison,5,,,,support insuffisant : 5 < 15
commune,35144,2018,Maison,3,,,,support insuffisant : 3 < 15
commune,35144,2019,Maison,8,,,,support insuffisant : 8 < 15
commune,35144,2020,Maison,10,,,,support insuffisant : 10 < 15
commune,35144,2021,Maison,10,,,,support insuffisant : 10 < 15
commune,35144,2022,Appartement,1,,,,support insuffisant : 1 < 15
commune,35144,2022,Maison,7,,,,support insuffisant : 7 < 15
commune,35144,2023,Maison,5,,,,support insuffisant : 5 < 15
commune,35144,2024,Maison,4,,,,support insuffisant : 4 < 15
commune,35144,2025,Maison,6,,,,support insuffisant : 6 < 15
commune,35145,2014,Maison,6,,,,support insuffisant : 6 < 15
commune,35145,2015,Maison,6,,,,support insuffisant : 6 < 15
commune,35145,2016,Maison,5,,,,support insuffisant : 5 < 15
commune,35145,2017,Maison,9,,,,support insuffisant : 9 < 15
commune,35145,2018,Maison,8,,,,support insuffisant : 8 < 15
commune,35145,2019,Appartement,1,,,,support insuffisant : 1 < 15
commune,35145,2019,Maison,11,,,,support insuffisant : 11 < 15
commune,35145,2020,Maison,12,,,,support insuffisant : 12 < 15
commune,35145,2021,Maison,8,,,,support insuffisant : 8 < 15
commune,35145,2022,Maison,6,,,,support insuffisant : 6 < 15
commune,35145,2023,Maison,5,,,,support insuffisant : 5 < 15
commune,35145,2024,Maison,2,,,,support insuffisant : 2 < 15
commune,35145,2025,Maison,4,,,,support insuffisant : 4 < 15
commune,35146,2014,Maison,2,,,,support insuffisant : 2 < 15
commune,35146,2016,Maison,2,,,,support insuffisant : 2 < 15
commune,35146,2017,Maison,3,,,,support insuffisant : 3 < 15
commune,35146,2018,Maison,3,,,,support insuffisant : 3 < 15
commune,35146,2019,Maison,3,,,,support insuffisant : 3 < 15
commune,35146,2020,Maison,3,,,,support insuffisant : 3 < 15
commune,35146,2021,Maison,2,,,,support insuffisant : 2 < 15
commune,35146,2022,Maison,3,,,,support insuffisant : 3 < 15
commune,35146,2023,Maison,2,,,,support insuffisant : 2 < 15
commune,35146,2024,Maison,3,,,,support insuffisant : 3 < 15
commune,35146,2025,Maison,1,,,,support insuffisant : 1 < 15
commune,35148,2015,Maison,2,,,,support insuffisant : 2 < 15
commune,35148,2016,Maison,1,,,,support insuffisant : 1 < 15
commune,35148,2017,Maison,2,,,,support insuffisant : 2 < 15
commune,35148,2018,Maison,1,,,,support insuffisant : 1 < 15
commune,35148,2020,Maison,1,,,,support insuffisant : 1 < 15
commune,35148,2021,Maison,2,,,,support insuffisant : 2 < 15
commune,35149,2014,Maison,9,,,,support insuffisant : 9 < 15
commune,35149,2015,Maison,8,,,,support insuffisant : 8 < 15
commune,35149,2016,Maison,14,,,,support insuffisant : 14 < 15
commune,35149,2017,Maison,8,,,,support insuffisant : 8 < 15
commune,35149,2018,Maison,11,,,,support insuffisant : 11 < 15
commune,35149,2019,Maison,11,,,,support insuffisant : 11 < 15
commune,35149,2020,Maison,14,,,,support insuffisant : 14 < 15
commune,35149,2021,Maison,12,,,,support insuffisant : 12 < 15
commune,35149,2022,Maison,11,,,,support insuffisant : 11 < 15
commune,35149,2023,Maison,6,,,,support insuffisant : 6 < 15
commune,35149,2024,Maison,10,,,,support insuffisant : 10 < 15
commune,35149,2025,Maison,5,,,,support insuffisant : 5 < 15
commune,35150,2014,Maison,16,1697.0,1843.0,1978.0,
commune,35150,2015,Maison,17,917.0,1568.0,1845.0,
commune,35150,2016,Maison,15,1202.0,1316.0,1687.0,
commune,35150,2017,Maison,29,1430.0,1696.0,1900.0,
commune,35150,2018,Maison,29,1442.0,1814.0,1979.0,
commune,35150,2019,Maison,25,1333.0,1591.0,1756.0,
commune,35150,2020,Maison,24,1426.0,1618.0,2009.0,
commune,35150,2021,Maison,32,1595.0,1873.0,2148.0,
commune,35150,2022,Maison,16,2015.0,2421.0,2695.0,
commune,35150,2023,Maison,23,1725.0,1932.0,2392.0,
commune,35150,2024,Maison,29,1827.0,2213.0,2338.0,
commune,35150,2025,Maison,28,1909.0,2234.0,2703.0,
commune,35151,2014,Maison,4,,,,support insuffisant : 4 < 15
commune,35151,2015,Maison,1,,,,support insuffisant : 1 < 15
commune,35151,2016,Maison,3,,,,support insuffisant : 3 < 15
commune,35151,2017,Maison,1,,,,support insuffisant : 1 < 15
commune,35151,2018,Maison,1,,,,support insuffisant : 1 < 15
commune,35151,2019,Maison,3,,,,support insuffisant : 3 < 15
commune,35151,2020,Maison,2,,,,support insuffisant : 2 < 15
commune,35151,2021,Maison,2,,,,support insuffisant : 2 < 15
commune,35151,2022,Maison,4,,,,support insuffisant : 4 < 15
commune,35151,2023,Maison,1,,,,support insuffisant : 1 < 15
commune,35151,2024,Maison,3,,,,support insuffisant : 3 < 15
commune,35152,2014,Appartement,1,,,,support insuffisant : 1 < 15
commune,35152,2014,Maison,39,1586.0,1991.0,2197.0,
commune,35152,2015,Appartement,2,,,,support insuffisant : 2 < 15
commune,35152,2015,Maison,45,1725.0,2027.0,2208.0,
commune,35152,2016,Maison,51,1776.0,1984.0,2260.0,
commune,35152,2017,Maison,50,1815.0,2059.0,2432.0,
commune,35152,2018,Appartement,1,,,,support insuffisant : 1 < 15
commune,35152,2018,Maison,52,1873.0,2246.0,2369.0,
commune,35152,2019,Appartement,2,,,,support insuffisant : 2 < 15
commune,35152,2019,Maison,57,1969.0,2294.0,2597.0,
commune,35152,2020,Appartement,1,,,,support insuffisant : 1 < 15
commune,35152,2020,Maison,58,2183.0,2399.0,2618.0,
commune,35152,2021,Maison,55,2090.0,2618.0,2832.0,
commune,35152,2022,Maison,52,2617.0,3005.0,3295.0,
commune,35152,2023,Maison,40,2571.0,2938.0,3088.0,
commune,35152,2024,Appartement,1,,,,support insuffisant : 1 < 15
commune,35152,2024,Maison,37,2531.0,2778.0,3010.0,
commune,35152,2025,Maison,52,2503.0,2693.0,3132.0,
commune,35153,2015,Maison,1,,,,support insuffisant : 1 < 15
commune,35153,2016,Maison,1,,,,support insuffisant : 1 < 15
commune,35153,2020,Maison,1,,,,support insuffisant : 1 < 15
commune,35153,2021,Maison,3,,,,support insuffisant : 3 < 15
commune,35153,2022,Maison,2,,,,support insuffisant : 2 < 15
commune,35153,2023,Maison,2,,,,support insuffisant : 2 < 15
commune,35153,2025,Maison,1,,,,support insuffisant : 1 < 15
commune,35154,2014,Maison,5,,,,support insuffisant : 5 < 15
commune,35154,2015,Maison,5,,,,support insuffisant : 5 < 15
commune,35154,2016,Maison,7,,,,support insuffisant : 7 < 15
commune,35154,2017,Maison,13,,,,support insuffisant : 13 < 15
commune,35154,2018,Maison,9,,,,support insuffisant : 9 < 15
commune,35154,2019,Maison,12,,,,support insuffisant : 12 < 15
commune,35154,2020,Maison,12,,,,support insuffisant : 12 < 15
commune,35154,2021,Maison,6,,,,support insuffisant : 6 < 15
commune,35154,2022,Maison,12,,,,support insuffisant : 12 < 15
commune,35154,2023,Maison,6,,,,support insuffisant : 6 < 15
commune,35154,2024,Maison,5,,,,support insuffisant : 5 < 15
commune,35154,2025,Maison,13,,,,support insuffisant : 13 < 15
commune,35155,2014,Maison,4,,,,support insuffisant : 4 < 15
commune,35155,2015,Maison,3,,,,support insuffisant : 3 < 15
commune,35155,2016,Maison,3,,,,support insuffisant : 3 < 15
commune,35155,2017,Maison,6,,,,support insuffisant : 6 < 15
commune,35155,2018,Maison,4,,,,support insuffisant : 4 < 15
commune,35155,2019,Maison,3,,,,support insuffisant : 3 < 15
commune,35155,2020,Maison,3,,,,support insuffisant : 3 < 15
commune,35155,2022,Maison,1,,,,support insuffisant : 1 < 15
commune,35155,2023,Maison,1,,,,support insuffisant : 1 < 15
commune,35155,2024,Maison,1,,,,support insuffisant : 1 < 15
commune,35155,2025,Maison,2,,,,support insuffisant : 2 < 15
commune,35156,2014,Maison,1,,,,support insuffisant : 1 < 15
commune,35156,2015,Maison,3,,,,support insuffisant : 3 < 15
commune,35156,2016,Maison,1,,,,support insuffisant : 1 < 15
commune,35156,2017,Maison,1,,,,support insuffisant : 1 < 15
commune,35156,2019,Maison,2,,,,support insuffisant : 2 < 15
commune,35156,2020,Maison,5,,,,support insuffisant : 5 < 15
commune,35156,2021,Maison,2,,,,support insuffisant : 2 < 15
commune,35156,2022,Maison,2,,,,support insuffisant : 2 < 15
commune,35156,2023,Maison,1,,,,support insuffisant : 1 < 15
commune,35157,2014,Maison,5,,,,support insuffisant : 5 < 15
commune,35157,2016,Maison,3,,,,support insuffisant : 3 < 15
commune,35157,2017,Maison,1,,,,support insuffisant : 1 < 15
commune,35157,2018,Maison,3,,,,support insuffisant : 3 < 15
commune,35157,2019,Maison,3,,,,support insuffisant : 3 < 15
commune,35157,2020,Maison,3,,,,support insuffisant : 3 < 15
commune,35157,2021,Maison,4,,,,support insuffisant : 4 < 15
commune,35157,2022,Maison,2,,,,support insuffisant : 2 < 15
commune,35157,2023,Maison,3,,,,support insuffisant : 3 < 15
commune,35157,2025,Maison,3,,,,support insuffisant : 3 < 15
commune,35159,2019,Maison,2,,,,support insuffisant : 2 < 15
commune,35159,2020,Maison,2,,,,support insuffisant : 2 < 15
commune,35159,2021,Maison,3,,,,support insuffisant : 3 < 15
commune,35159,2025,Maison,2,,,,support insuffisant : 2 < 15
commune,35160,2014,Maison,1,,,,support insuffisant : 1 < 15
commune,35160,2015,Maison,1,,,,support insuffisant : 1 < 15
commune,35160,2016,Maison,2,,,,support insuffisant : 2 < 15
commune,35160,2017,Maison,2,,,,support insuffisant : 2 < 15
commune,35160,2019,Maison,1,,,,support insuffisant : 1 < 15
commune,35160,2021,Maison,4,,,,support insuffisant : 4 < 15
commune,35160,2022,Maison,1,,,,support insuffisant : 1 < 15
commune,35160,2023,Maison,1,,,,support insuffisant : 1 < 15
commune,35161,2014,Maison,8,,,,support insuffisant : 8 < 15
commune,35161,2015,Maison,11,,,,support insuffisant : 11 < 15
commune,35161,2016,Maison,9,,,,support insuffisant : 9 < 15
commune,35161,2017,Maison,9,,,,support insuffisant : 9 < 15
commune,35161,2018,Maison,18,893.0,1165.0,1616.0,
commune,35161,2019,Maison,21,1147.0,1527.0,1656.0,
commune,35161,2020,Maison,21,1465.0,1665.0,1953.0,
commune,35161,2021,Maison,16,1195.0,1436.0,2010.0,
commune,35161,2022,Appartement,1,,,,support insuffisant : 1 < 15
commune,35161,2022,Maison,12,,,,support insuffisant : 12 < 15
commune,35161,2023,Maison,11,,,,support insuffisant : 11 < 15
commune,35161,2024,Maison,6,,,,support insuffisant : 6 < 15
commune,35161,2025,Maison,9,,,,support insuffisant : 9 < 15
commune,35162,2014,Appartement,1,,,,support insuffisant : 1 < 15
commune,35162,2014,Maison,11,,,,support insuffisant : 11 < 15
commune,35162,2015,Maison,11,,,,support insuffisant : 11 < 15
commune,35162,2016,Appartement,1,,,,support insuffisant : 1 < 15
commune,35162,2016,Maison,15,830.0,1048.0,1332.0,
commune,35162,2017,Appartement,1,,,,support insuffisant : 1 < 15
commune,35162,2017,Maison,17,737.0,905.0,1077.0,
commune,35162,2018,Maison,9,,,,support insuffisant : 9 < 15
commune,35162,2019,Appartement,1,,,,support insuffisant : 1 < 15
commune,35162,2019,Maison,24,605.0,1087.0,1222.0,
commune,35162,2020,Appartement,1,,,,support insuffisant : 1 < 15
commune,35162,2020,Maison,16,873.0,1185.0,1280.0,
commune,35162,2021,Appartement,3,,,,support insuffisant : 3 < 15
commune,35162,2021,Maison,38,604.0,1013.0,1309.0,
commune,35162,2022,Appartement,1,,,,support insuffisant : 1 < 15
commune,35162,2022,Maison,13,,,,support insuffisant : 13 < 15
commune,35162,2023,Appartement,1,,,,support insuffisant : 1 < 15
commune,35162,2023,Maison,19,1292.0,1505.0,1776.0,
commune,35162,2024,Maison,16,1067.0,1364.0,1535.0,
commune,35162,2025,Maison,10,,,,support insuffisant : 10 < 15
commune,35163,2014,Maison,3,,,,support insuffisant : 3 < 15
commune,35163,2015,Maison,2,,,,support insuffisant : 2 < 15
commune,35163,2016,Maison,4,,,,support insuffisant : 4 < 15
commune,35163,2017,Maison,3,,,,support insuffisant : 3 < 15
commune,35163,2018,Maison,4,,,,support insuffisant : 4 < 15
commune,35163,2019,Maison,4,,,,support insuffisant : 4 < 15
commune,35163,2020,Maison,10,,,,support insuffisant : 10 < 15
commune,35163,2021,Maison,8,,,,support insuffisant : 8 < 15
commune,35163,2022,Maison,8,,,,support insuffisant : 8 < 15
commune,35163,2023,Maison,3,,,,support insuffisant : 3 < 15
commune,35163,2024,Maison,7,,,,support insuffisant : 7 < 15
commune,35163,2025,Maison,6,,,,support insuffisant : 6 < 15
commune,35164,2014,Maison,5,,,,support insuffisant : 5 < 15
commune,35164,2015,Maison,2,,,,support insuffisant : 2 < 15
commune,35164,2016,Maison,2,,,,support insuffisant : 2 < 15
commune,35164,2017,Maison,6,,,,support insuffisant : 6 < 15
commune,35164,2018,Maison,5,,,,support insuffisant : 5 < 15
commune,35164,2019,Maison,2,,,,support insuffisant : 2 < 15
commune,35164,2020,Maison,4,,,,support insuffisant : 4 < 15
commune,35164,2021,Maison,5,,,,support insuffisant : 5 < 15
commune,35164,2022,Maison,4,,,,support insuffisant : 4 < 15
commune,35164,2024,Maison,2,,,,support insuffisant : 2 < 15
commune,35165,2014,Maison,6,,,,support insuffisant : 6 < 15
commune,35165,2015,Maison,2,,,,support insuffisant : 2 < 15
commune,35165,2016,Maison,3,,,,support insuffisant : 3 < 15
commune,35165,2017,Maison,6,,,,support insuffisant : 6 < 15
commune,35165,2018,Maison,7,,,,support insuffisant : 7 < 15
commune,35165,2019,Maison,7,,,,support insuffisant : 7 < 15
commune,35165,2020,Maison,10,,,,support insuffisant : 10 < 15
commune,35165,2021,Maison,6,,,,support insuffisant : 6 < 15
commune,35165,2022,Maison,1,,,,support insuffisant : 1 < 15
commune,35165,2023,Maison,5,,,,support insuffisant : 5 < 15
commune,35165,2024,Maison,7,,,,support insuffisant : 7 < 15
commune,35165,2025,Maison,4,,,,support insuffisant : 4 < 15
commune,35166,2014,Maison,4,,,,support insuffisant : 4 < 15
commune,35166,2015,Maison,5,,,,support insuffisant : 5 < 15
commune,35166,2016,Maison,2,,,,support insuffisant : 2 < 15
commune,35166,2017,Maison,6,,,,support insuffisant : 6 < 15
commune,35166,2018,Maison,6,,,,support insuffisant : 6 < 15
commune,35166,2019,Maison,6,,,,support insuffisant : 6 < 15
commune,35166,2020,Maison,7,,,,support insuffisant : 7 < 15
commune,35166,2021,Maison,2,,,,support insuffisant : 2 < 15
commune,35166,2022,Maison,3,,,,support insuffisant : 3 < 15
commune,35166,2023,Maison,1,,,,support insuffisant : 1 < 15
commune,35166,2024,Maison,2,,,,support insuffisant : 2 < 15
commune,35166,2025,Maison,3,,,,support insuffisant : 3 < 15
commune,35167,2014,Maison,8,,,,support insuffisant : 8 < 15
commune,35167,2015,Appartement,2,,,,support insuffisant : 2 < 15
commune,35167,2015,Maison,11,,,,support insuffisant : 11 < 15
commune,35167,2016,Maison,13,,,,support insuffisant : 13 < 15
commune,35167,2017,Maison,14,,,,support insuffisant : 14 < 15
commune,35167,2018,Maison,11,,,,support insuffisant : 11 < 15
commune,35167,2019,Maison,15,908.0,1167.0,1373.0,
commune,35167,2020,Maison,32,628.0,1152.0,1361.0,
commune,35167,2021,Maison,12,,,,support insuffisant : 12 < 15
commune,35167,2022,Maison,15,1313.0,1639.0,1845.0,
commune,35167,2023,Maison,9,,,,support insuffisant : 9 < 15
commune,35167,2024,Maison,16,1249.0,1496.0,1803.0,
commune,35167,2025,Maison,18,1437.0,1689.0,2020.0,
commune,35168,2014,Maison,13,,,,support insuffisant : 13 < 15
commune,35168,2015,Maison,16,998.0,1094.0,1223.0,
commune,35168,2016,Maison,19,805.0,980.0,1166.0,
commune,35168,2017,Appartement,1,,,,support insuffisant : 1 < 15
commune,35168,2017,Maison,23,769.0,1181.0,1394.0,
commune,35168,2018,Maison,20,1088.0,1320.0,1430.0,
commune,35168,2019,Maison,32,778.0,1233.0,1494.0,
commune,35168,2020,Maison,26,969.0,1222.0,1503.0,
commune,35168,2021,Maison,28,1006.0,1386.0,1940.0,
commune,35168,2022,Maison,27,1486.0,1697.0,2121.0,
commune,35168,2023,Maison,28,1311.0,1623.0,2023.0,
commune,35168,2024,Maison,16,1130.0,1576.0,2185.0,
commune,35168,2025,Maison,21,1486.0,1956.0,2229.0,
commune,35169,2014,Maison,7,,,,support insuffisant : 7 < 15
commune,35169,2015,Maison,3,,,,support insuffisant : 3 < 15
commune,35169,2016,Maison,8,,,,support insuffisant : 8 < 15
commune,35169,2017,Maison,9,,,,support insuffisant : 9 < 15
commune,35169,2018,Maison,6,,,,support insuffisant : 6 < 15
commune,35169,2019,Maison,11,,,,support insuffisant : 11 < 15
commune,35169,2020,Maison,6,,,,support insuffisant : 6 < 15
commune,35169,2021,Maison,9,,,,support insuffisant : 9 < 15
commune,35169,2022,Maison,9,,,,support insuffisant : 9 < 15
commune,35169,2023,Maison,6,,,,support insuffisant : 6 < 15
commune,35169,2024,Maison,7,,,,support insuffisant : 7 < 15
commune,35169,2025,Maison,4,,,,support insuffisant : 4 < 15
commune,35170,2014,Maison,2,,,,support insuffisant : 2 < 15
commune,35170,2015,Maison,1,,,,support insuffisant : 1 < 15
commune,35170,2016,Maison,2,,,,support insuffisant : 2 < 15
commune,35170,2017,Maison,5,,,,support insuffisant : 5 < 15
commune,35170,2018,Maison,4,,,,support insuffisant : 4 < 15
commune,35170,2019,Maison,3,,,,support insuffisant : 3 < 15
commune,35170,2020,Maison,6,,,,support insuffisant : 6 < 15
commune,35170,2022,Maison,4,,,,support insuffisant : 4 < 15
commune,35170,2023,Maison,3,,,,support insuffisant : 3 < 15
commune,35170,2025,Maison,1,,,,support insuffisant : 1 < 15
commune,35171,2014,Maison,3,,,,support insuffisant : 3 < 15
commune,35171,2015,Maison,6,,,,support insuffisant : 6 < 15
commune,35171,2016,Maison,7,,,,support insuffisant : 7 < 15
commune,35171,2017,Maison,4,,,,support insuffisant : 4 < 15
commune,35171,2018,Maison,6,,,,support insuffisant : 6 < 15
commune,35171,2019,Maison,5,,,,support insuffisant : 5 < 15
commune,35171,2020,Maison,3,,,,support insuffisant : 3 < 15
commune,35171,2021,Maison,13,,,,support insuffisant : 13 < 15
commune,35171,2022,Maison,8,,,,support insuffisant : 8 < 15
commune,35171,2023,Maison,8,,,,support insuffisant : 8 < 15
commune,35171,2024,Maison,1,,,,support insuffisant : 1 < 15
commune,35171,2025,Maison,2,,,,support insuffisant : 2 < 15
commune,35172,2014,Maison,1,,,,support insuffisant : 1 < 15
commune,35172,2015,Maison,7,,,,support insuffisant : 7 < 15
commune,35172,2016,Maison,4,,,,support insuffisant : 4 < 15
commune,35172,2017,Maison,9,,,,support insuffisant : 9 < 15
commune,35172,2018,Appartement,1,,,,support insuffisant : 1 < 15
commune,35172,2018,Maison,8,,,,support insuffisant : 8 < 15
commune,35172,2019,Maison,7,,,,support insuffisant : 7 < 15
commune,35172,2020,Maison,10,,,,support insuffisant : 10 < 15
commune,35172,2021,Maison,5,,,,support insuffisant : 5 < 15
commune,35172,2022,Maison,6,,,,support insuffisant : 6 < 15
commune,35172,2023,Maison,5,,,,support insuffisant : 5 < 15
commune,35172,2024,Maison,5,,,,support insuffisant : 5 < 15
commune,35172,2025,Maison,9,,,,support insuffisant : 9 < 15
commune,35173,2014,Appartement,1,,,,support insuffisant : 1 < 15
commune,35173,2014,Maison,27,1713.0,2009.0,2568.0,
commune,35173,2015,Appartement,3,,,,support insuffisant : 3 < 15
commune,35173,2015,Maison,35,1809.0,2113.0,2356.0,
commune,35173,2016,Maison,54,1752.0,2071.0,2492.0,
commune,35173,2017,Appartement,2,,,,support insuffisant : 2 < 15
commune,35173,2017,Maison,51,2051.0,2426.0,2588.0,
commune,35173,2018,Appartement,4,,,,support insuffisant : 4 < 15
commune,35173,2018,Maison,52,2124.0,2455.0,2764.0,
commune,35173,2019,Appartement,6,,,,support insuffisant : 6 < 15
commune,35173,2019,Maison,44,2256.0,2412.0,2762.0,
commune,35173,2020,Appartement,3,,,,support insuffisant : 3 < 15
commune,35173,2020,Maison,59,2453.0,2755.0,2996.0,
commune,35173,2021,Appartement,4,,,,support insuffisant : 4 < 15
commune,35173,2021,Maison,46,2577.0,2920.0,3298.0,
commune,35173,2022,Appartement,1,,,,support insuffisant : 1 < 15
commune,35173,2022,Maison,44,2880.0,3186.0,3358.0,
commune,35173,2023,Appartement,7,,,,support insuffisant : 7 < 15
commune,35173,2023,Maison,40,2877.0,3047.0,3484.0,
commune,35173,2024,Appartement,2,,,,support insuffisant : 2 < 15
commune,35173,2024,Maison,37,2669.0,3044.0,3425.0,
commune,35173,2025,Appartement,2,,,,support insuffisant : 2 < 15
commune,35173,2025,Maison,32,2733.0,3108.0,3427.0,
commune,35174,2014,Maison,3,,,,support insuffisant : 3 < 15
commune,35174,2015,Maison,5,,,,support insuffisant : 5 < 15
commune,35174,2016,Maison,3,,,,support insuffisant : 3 < 15
commune,35174,2017,Maison,3,,,,support insuffisant : 3 < 15
commune,35174,2018,Maison,4,,,,support insuffisant : 4 < 15
commune,35174,2019,Maison,2,,,,support insuffisant : 2 < 15
commune,35174,2020,Maison,5,,,,support insuffisant : 5 < 15
commune,35174,2021,Maison,5,,,,support insuffisant : 5 < 15
commune,35174,2022,Maison,4,,,,support insuffisant : 4 < 15
commune,35174,2023,Maison,3,,,,support insuffisant : 3 < 15
commune,35174,2024,Maison,3,,,,support insuffisant : 3 < 15
commune,35174,2025,Maison,5,,,,support insuffisant : 5 < 15
commune,35175,2014,Maison,7,,,,support insuffisant : 7 < 15
commune,35175,2015,Maison,10,,,,support insuffisant : 10 < 15
commune,35175,2016,Maison,4,,,,support insuffisant : 4 < 15
commune,35175,2017,Maison,8,,,,support insuffisant : 8 < 15
commune,35175,2018,Maison,4,,,,support insuffisant : 4 < 15
commune,35175,2019,Maison,13,,,,support insuffisant : 13 < 15
commune,35175,2020,Maison,6,,,,support insuffisant : 6 < 15
commune,35175,2021,Maison,2,,,,support insuffisant : 2 < 15
commune,35175,2022,Maison,5,,,,support insuffisant : 5 < 15
commune,35175,2023,Maison,6,,,,support insuffisant : 6 < 15
commune,35175,2024,Maison,5,,,,support insuffisant : 5 < 15
commune,35175,2025,Maison,5,,,,support insuffisant : 5 < 15
commune,35176,2014,Maison,10,,,,support insuffisant : 10 < 15
commune,35176,2015,Maison,20,1028.0,1349.0,1622.0,
commune,35176,2016,Maison,37,833.0,1067.0,1455.0,
commune,35176,2017,Maison,47,886.0,1268.0,1566.0,
commune,35176,2018,Maison,45,1107.0,1375.0,1675.0,
commune,35176,2019,Appartement,2,,,,support insuffisant : 2 < 15
commune,35176,2019,Maison,42,1041.0,1505.0,1826.0,
commune,35176,2020,Appartement,1,,,,support insuffisant : 1 < 15
commune,35176,2020,Maison,42,1230.0,1497.0,1908.0,
commune,35176,2021,Maison,46,1300.0,1552.0,1979.0,
commune,35176,2022,Appartement,1,,,,support insuffisant : 1 < 15
commune,35176,2022,Maison,35,1571.0,2007.0,2169.0,
commune,35176,2023,Maison,36,1366.0,1954.0,2276.0,
commune,35176,2024,Maison,30,1605.0,1972.0,2247.0,
commune,35176,2025,Appartement,1,,,,support insuffisant : 1 < 15
commune,35176,2025,Maison,36,1554.0,1844.0,2248.0,
commune,35177,2014,Maison,20,2030.0,2297.0,2437.0,
commune,35177,2015,Appartement,1,,,,support insuffisant : 1 < 15
commune,35177,2015,Maison,38,1792.0,2098.0,2336.0,
commune,35177,2016,Maison,38,1897.0,2276.0,2442.0,
commune,35177,2017,Appartement,1,,,,support insuffisant : 1 < 15
commune,35177,2017,Maison,27,2196.0,2345.0,2631.0,
commune,35177,2018,Maison,34,2053.0,2320.0,2774.0,
commune,35177,2019,Appartement,1,,,,support insuffisant : 1 < 15
commune,35177,2019,Maison,35,2110.0,2673.0,2912.0,
commune,35177,2020,Maison,32,2189.0,2609.0,2812.0,
commune,35177,2021,Appartement,1,,,,support insuffisant : 1 < 15
commune,35177,2021,Maison,33,2559.0,2939.0,3175.0,
commune,35177,2022,Maison,21,2882.0,3095.0,3660.0,
commune,35177,2023,Appartement,2,,,,support insuffisant : 2 < 15
commune,35177,2023,Maison,22,2860.0,3197.0,3455.0,
commune,35177,2024,Maison,18,2661.0,2952.0,3145.0,
commune,35177,2025,Maison,26,2394.0,2798.0,3049.0,
commune,35178,2014,Maison,11,,,,support insuffisant : 11 < 15
commune,35178,2015,Maison,10,,,,support insuffisant : 10 < 15
commune,35178,2016,Maison,5,,,,support insuffisant : 5 < 15
commune,35178,2017,Maison,11,,,,support insuffisant : 11 < 15
commune,35178,2018,Maison,14,,,,support insuffisant : 14 < 15
commune,35178,2019,Maison,18,1549.0,1647.0,1812.0,
commune,35178,2020,Maison,15,1557.0,1749.0,1976.0,
commune,35178,2021,Maison,9,,,,support insuffisant : 9 < 15
commune,35178,2022,Maison,9,,,,support insuffisant : 9 < 15
commune,35178,2023,Maison,13,,,,support insuffisant : 13 < 15
commune,35178,2024,Maison,9,,,,support insuffisant : 9 < 15
commune,35178,2025,Maison,9,,,,support insuffisant : 9 < 15
commune,35179,2014,Maison,17,1276.0,1467.0,1718.0,
commune,35179,2015,Maison,21,1500.0,1633.0,1791.0,
commune,35179,2016,Maison,21,978.0,1480.0,1754.0,
commune,35179,2017,Maison,19,1170.0,1495.0,1737.0,
commune,35179,2018,Maison,19,1621.0,1720.0,1907.0,
commune,35179,2019,Maison,26,1636.0,1778.0,2024.0,
commune,35179,2020,Maison,23,1611.0,1967.0,2134.0,
commune,35179,2021,Maison,21,1588.0,1923.0,2233.0,
commune,35179,2022,Maison,24,2039.0,2442.0,2786.0,
commune,35179,2023,Appartement,1,,,,support insuffisant : 1 < 15
commune,35179,2023,Maison,22,1904.0,2385.0,2702.0,
commune,35179,2024,Maison,20,1949.0,2261.0,2903.0,
commune,35179,2025,Maison,23,2216.0,2626.0,2940.0,
commune,35180,2014,Maison,3,,,,support insuffisant : 3 < 15
commune,35180,2016,Maison,1,,,,support insuffisant : 1 < 15
commune,35180,2017,Maison,1,,,,support insuffisant : 1 < 15
commune,35180,2018,Maison,3,,,,support insuffisant : 3 < 15
commune,35180,2019,Maison,2,,,,support insuffisant : 2 < 15
commune,35180,2020,Maison,1,,,,support insuffisant : 1 < 15
commune,35180,2021,Maison,2,,,,support insuffisant : 2 < 15
commune,35180,2022,Maison,2,,,,support insuffisant : 2 < 15
commune,35180,2024,Maison,3,,,,support insuffisant : 3 < 15
commune,35180,2025,Maison,1,,,,support insuffisant : 1 < 15
commune,35181,2014,Maison,5,,,,support insuffisant : 5 < 15
commune,35181,2015,Maison,8,,,,support insuffisant : 8 < 15
commune,35181,2016,Appartement,1,,,,support insuffisant : 1 < 15
commune,35181,2016,Maison,7,,,,support insuffisant : 7 < 15
commune,35181,2017,Maison,9,,,,support insuffisant : 9 < 15
commune,35181,2018,Maison,8,,,,support insuffisant : 8 < 15
commune,35181,2019,Maison,14,,,,support insuffisant : 14 < 15
commune,35181,2020,Maison,18,2325.0,2737.0,3563.0,
commune,35181,2021,Maison,14,,,,support insuffisant : 14 < 15
commune,35181,2022,Maison,12,,,,support insuffisant : 12 < 15
commune,35181,2023,Maison,10,,,,support insuffisant : 10 < 15
commune,35181,2024,Maison,8,,,,support insuffisant : 8 < 15
commune,35181,2025,Maison,7,,,,support insuffisant : 7 < 15
commune,35183,2014,Maison,4,,,,support insuffisant : 4 < 15
commune,35183,2015,Maison,6,,,,support insuffisant : 6 < 15
commune,35183,2016,Maison,7,,,,support insuffisant : 7 < 15
commune,35183,2017,Maison,9,,,,support insuffisant : 9 < 15
commune,35183,2018,Maison,7,,,,support insuffisant : 7 < 15
commune,35183,2019,Maison,6,,,,support insuffisant : 6 < 15
commune,35183,2020,Maison,3,,,,support insuffisant : 3 < 15
commune,35183,2021,Maison,3,,,,support insuffisant : 3 < 15
commune,35183,2022,Maison,9,,,,support insuffisant : 9 < 15
commune,35183,2023,Maison,5,,,,support insuffisant : 5 < 15
commune,35183,2024,Maison,3,,,,support insuffisant : 3 < 15
commune,35183,2025,Maison,6,,,,support insuffisant : 6 < 15
commune,35184,2014,Maison,16,1335.0,1564.0,1688.0,
commune,35184,2015,Appartement,1,,,,support insuffisant : 1 < 15
commune,35184,2015,Maison,17,1250.0,1458.0,1814.0,
commune,35184,2016,Maison,21,1284.0,1618.0,1809.0,
commune,35184,2017,Appartement,1,,,,support insuffisant : 1 < 15
commune,35184,2017,Maison,39,1415.0,1652.0,1872.0,
commune,35184,2018,Appartement,1,,,,support insuffisant : 1 < 15
commune,35184,2018,Maison,32,1256.0,1731.0,1915.0,
commune,35184,2019,Appartement,1,,,,support insuffisant : 1 < 15
commune,35184,2019,Maison,29,1409.0,1841.0,1988.0,
commune,35184,2020,Appartement,2,,,,support insuffisant : 2 < 15
commune,35184,2020,Maison,46,1412.0,1858.0,2026.0,
commune,35184,2021,Appartement,3,,,,support insuffisant : 3 < 15
commune,35184,2021,Maison,42,1764.0,2064.0,2329.0,
commune,35184,2022,Appartement,1,,,,support insuffisant : 1 < 15
commune,35184,2022,Maison,46,2044.0,2240.0,2495.0,
commune,35184,2023,Appartement,2,,,,support insuffisant : 2 < 15
commune,35184,2023,Maison,24,2341.0,2536.0,2713.0,
commune,35184,2024,Appartement,4,,,,support insuffisant : 4 < 15
commune,35184,2024,Maison,25,1837.0,2222.0,2615.0,
commune,35184,2025,Appartement,3,,,,support insuffisant : 3 < 15
commune,35184,2025,Maison,28,2146.0,2348.0,2705.0,
commune,35185,2015,Maison,1,,,,support insuffisant : 1 < 15
commune,35185,2016,Maison,1,,,,support insuffisant : 1 < 15
commune,35185,2018,Maison,2,,,,support insuffisant : 2 < 15
commune,35185,2019,Maison,1,,,,support insuffisant : 1 < 15
commune,35185,2020,Maison,4,,,,support insuffisant : 4 < 15
commune,35185,2021,Maison,4,,,,support insuffisant : 4 < 15
commune,35185,2024,Maison,1,,,,support insuffisant : 1 < 15
commune,35185,2025,Maison,2,,,,support insuffisant : 2 < 15
commune,35186,2014,Maison,3,,,,support insuffisant : 3 < 15
commune,35186,2015,Maison,5,,,,support insuffisant : 5 < 15
commune,35186,2016,Maison,3,,,,support insuffisant : 3 < 15
commune,35186,2017,Maison,3,,,,support insuffisant : 3 < 15
commune,35186,2018,Maison,4,,,,support insuffisant : 4 < 15
commune,35186,2019,Maison,6,,,,support insuffisant : 6 < 15
commune,35186,2020,Maison,8,,,,support insuffisant : 8 < 15
commune,35186,2021,Maison,3,,,,support insuffisant : 3 < 15
commune,35186,2022,Maison,2,,,,support insuffisant : 2 < 15
commune,35186,2023,Maison,8,,,,support insuffisant : 8 < 15
commune,35186,2024,Maison,7,,,,support insuffisant : 7 < 15
commune,35186,2025,Maison,3,,,,support insuffisant : 3 < 15
commune,35187,2014,Maison,5,,,,support insuffisant : 5 < 15
commune,35187,2015,Maison,10,,,,support insuffisant : 10 < 15
commune,35187,2016,Maison,7,,,,support insuffisant : 7 < 15
commune,35187,2017,Maison,8,,,,support insuffisant : 8 < 15
commune,35187,2018,Maison,11,,,,support insuffisant : 11 < 15
commune,35187,2019,Appartement,1,,,,support insuffisant : 1 < 15
commune,35187,2019,Maison,4,,,,support insuffisant : 4 < 15
commune,35187,2020,Maison,13,,,,support insuffisant : 13 < 15
commune,35187,2021,Maison,8,,,,support insuffisant : 8 < 15
commune,35187,2022,Maison,9,,,,support insuffisant : 9 < 15
commune,35187,2023,Maison,8,,,,support insuffisant : 8 < 15
commune,35187,2024,Maison,5,,,,support insuffisant : 5 < 15
commune,35187,2025,Maison,12,,,,support insuffisant : 12 < 15
commune,35188,2014,Appartement,2,,,,support insuffisant : 2 < 15
commune,35188,2014,Maison,32,1572.0,1916.0,2048.0,
commune,35188,2015,Maison,42,1628.0,1851.0,2012.0,
commune,35188,2016,Appartement,6,,,,support insuffisant : 6 < 15
commune,35188,2016,Maison,41,1414.0,1840.0,2103.0,
commune,35188,2017,Appartement,2,,,,support insuffisant : 2 < 15
commune,35188,2017,Maison,44,1566.0,1832.0,1996.0,
commune,35188,2018,Appartement,3,,,,support insuffisant : 3 < 15
commune,35188,2018,Maison,52,1656.0,1957.0,2081.0,
commune,35188,2019,Appartement,6,,,,support insuffisant : 6 < 15
commune,35188,2019,Maison,52,1661.0,1961.0,2298.0,
commune,35188,2020,Appartement,5,,,,support insuffisant : 5 < 15
commune,35188,2020,Maison,46,1850.0,2236.0,2422.0,
commune,35188,2021,Appartement,4,,,,support insuffisant : 4 < 15
commune,35188,2021,Maison,43,2097.0,2340.0,2764.0,
commune,35188,2022,Appartement,5,,,,support insuffisant : 5 < 15
commune,35188,2022,Maison,37,2434.0,2756.0,2951.0,
commune,35188,2023,Appartement,2,,,,support insuffisant : 2 < 15
commune,35188,2023,Maison,26,2001.0,2267.0,2793.0,
commune,35188,2024,Appartement,1,,,,support insuffisant : 1 < 15
commune,35188,2024,Maison,36,2232.0,2405.0,2668.0,
commune,35188,2025,Appartement,1,,,,support insuffisant : 1 < 15
commune,35188,2025,Maison,39,2163.0,2449.0,2724.0,
commune,35189,2014,Maison,10,,,,support insuffisant : 10 < 15
commune,35189,2015,Maison,24,2161.0,2273.0,2484.0,
commune,35189,2016,Maison,17,1964.0,2133.0,2760.0,
commune,35189,2017,Maison,29,2009.0,2533.0,2778.0,
commune,35189,2018,Maison,29,2154.0,2392.0,2740.0,
commune,35189,2019,Maison,22,2423.0,2798.0,2962.0,
commune,35189,2020,Maison,13,,,,support insuffisant : 13 < 15
commune,35189,2021,Maison,32,2179.0,2893.0,3308.0,
commune,35189,2022,Maison,21,3092.0,3585.0,4207.0,
commune,35189,2023,Maison,16,3022.0,3171.0,3402.0,
commune,35189,2024,Maison,14,,,,support insuffisant : 14 < 15
commune,35189,2025,Maison,13,,,,support insuffisant : 13 < 15
commune,35190,2014,Maison,2,,,,support insuffisant : 2 < 15
commune,35190,2015,Maison,1,,,,support insuffisant : 1 < 15
commune,35190,2016,Maison,1,,,,support insuffisant : 1 < 15
commune,35190,2017,Maison,2,,,,support insuffisant : 2 < 15
commune,35190,2018,Maison,2,,,,support insuffisant : 2 < 15
commune,35190,2019,Maison,3,,,,support insuffisant : 3 < 15
commune,35190,2020,Maison,1,,,,support insuffisant : 1 < 15
commune,35190,2021,Maison,4,,,,support insuffisant : 4 < 15
commune,35190,2022,Maison,2,,,,support insuffisant : 2 < 15
commune,35190,2023,Maison,1,,,,support insuffisant : 1 < 15
commune,35190,2024,Maison,2,,,,support insuffisant : 2 < 15
commune,35190,2025,Maison,3,,,,support insuffisant : 3 < 15
commune,35191,2014,Maison,5,,,,support insuffisant : 5 < 15
commune,35191,2015,Maison,9,,,,support insuffisant : 9 < 15
commune,35191,2016,Maison,5,,,,support insuffisant : 5 < 15
commune,35191,2017,Maison,13,,,,support insuffisant : 13 < 15
commune,35191,2018,Maison,20,725.0,1094.0,1477.0,
commune,35191,2019,Maison,11,,,,support insuffisant : 11 < 15
commune,35191,2020,Maison,22,1119.0,1319.0,1531.0,
commune,35191,2021,Maison,13,,,,support insuffisant : 13 < 15
commune,35191,2022,Maison,14,,,,support insuffisant : 14 < 15
commune,35191,2023,Maison,8,,,,support insuffisant : 8 < 15
commune,35191,2024,Maison,17,888.0,1404.0,1833.0,
commune,35191,2025,Maison,12,,,,support insuffisant : 12 < 15
commune,35192,2014,Maison,1,,,,support insuffisant : 1 < 15
commune,35192,2017,Maison,2,,,,support insuffisant : 2 < 15
commune,35192,2018,Maison,1,,,,support insuffisant : 1 < 15
commune,35192,2019,Maison,4,,,,support insuffisant : 4 < 15
commune,35192,2020,Maison,2,,,,support insuffisant : 2 < 15
commune,35192,2021,Maison,1,,,,support insuffisant : 1 < 15
commune,35192,2022,Maison,4,,,,support insuffisant : 4 < 15
commune,35192,2023,Maison,2,,,,support insuffisant : 2 < 15
commune,35192,2024,Maison,3,,,,support insuffisant : 3 < 15
commune,35192,2025,Maison,1,,,,support insuffisant : 1 < 15
commune,35193,2014,Maison,14,,,,support insuffisant : 14 < 15
commune,35193,2015,Maison,11,,,,support insuffisant : 11 < 15
commune,35193,2016,Maison,16,1889.0,2041.0,2118.0,
commune,35193,2017,Maison,24,1643.0,1930.0,2218.0,
commune,35193,2018,Maison,16,1899.0,2111.0,2212.0,
commune,35193,2019,Maison,24,1713.0,2003.0,2161.0,
commune,35193,2020,Maison,14,,,,support insuffisant : 14 < 15
commune,35193,2021,Maison,12,,,,support insuffisant : 12 < 15
commune,35193,2022,Maison,16,2145.0,2719.0,2928.0,
commune,35193,2023,Maison,12,,,,support insuffisant : 12 < 15
commune,35193,2024,Maison,9,,,,support insuffisant : 9 < 15
commune,35193,2025,Maison,15,2600.0,2850.0,3109.0,
commune,35194,2014,Maison,5,,,,support insuffisant : 5 < 15
commune,35194,2015,Maison,7,,,,support insuffisant : 7 < 15
commune,35194,2016,Maison,7,,,,support insuffisant : 7 < 15
commune,35194,2017,Maison,8,,,,support insuffisant : 8 < 15
commune,35194,2018,Maison,8,,,,support insuffisant : 8 < 15
commune,35194,2019,Maison,9,,,,support insuffisant : 9 < 15
commune,35194,2020,Maison,16,1237.0,1508.0,1685.0,
commune,35194,2021,Maison,9,,,,support insuffisant : 9 < 15
commune,35194,2022,Maison,6,,,,support insuffisant : 6 < 15
commune,35194,2023,Maison,4,,,,support insuffisant : 4 < 15
commune,35194,2024,Maison,4,,,,support insuffisant : 4 < 15
commune,35194,2025,Maison,7,,,,support insuffisant : 7 < 15
commune,35195,2014,Maison,13,,,,support insuffisant : 13 < 15
commune,35195,2015,Appartement,2,,,,support insuffisant : 2 < 15
commune,35195,2015,Maison,13,,,,support insuffisant : 13 < 15
commune,35195,2016,Appartement,4,,,,support insuffisant : 4 < 15
commune,35195,2016,Maison,14,,,,support insuffisant : 14 < 15
commune,35195,2017,Maison,17,1581.0,1823.0,2038.0,
commune,35195,2018,Appartement,2,,,,support insuffisant : 2 < 15
commune,35195,2018,Maison,7,,,,support insuffisant : 7 < 15
commune,35195,2019,Maison,15,1648.0,1980.0,2083.0,
commune,35195,2020,Appartement,3,,,,support insuffisant : 3 < 15
commune,35195,2020,Maison,14,,,,support insuffisant : 14 < 15
commune,35195,2021,Appartement,1,,,,support insuffisant : 1 < 15
commune,35195,2021,Maison,12,,,,support insuffisant : 12 < 15
commune,35195,2022,Maison,8,,,,support insuffisant : 8 < 15
commune,35195,2023,Maison,6,,,,support insuffisant : 6 < 15
commune,35195,2024,Appartement,1,,,,support insuffisant : 1 < 15
commune,35195,2024,Maison,12,,,,support insuffisant : 12 < 15
commune,35195,2025,Maison,12,,,,support insuffisant : 12 < 15
commune,35196,2014,Maison,31,1742.0,2000.0,2352.0,
commune,35196,2015,Maison,45,1754.0,1968.0,2200.0,
commune,35196,2016,Appartement,3,,,,support insuffisant : 3 < 15
commune,35196,2016,Maison,32,1970.0,2181.0,2444.0,
commune,35196,2017,Appartement,4,,,,support insuffisant : 4 < 15
commune,35196,2017,Maison,39,1848.0,2023.0,2304.0,
commune,35196,2018,Appartement,23,2034.0,2148.0,2322.0,
commune,35196,2018,Maison,37,1810.0,2179.0,2488.0,
commune,35196,2019,Appartement,5,,,,support insuffisant : 5 < 15
commune,35196,2019,Maison,53,1873.0,2275.0,2554.0,
commune,35196,2020,Appartement,4,,,,support insuffisant : 4 < 15
commune,35196,2020,Maison,51,2146.0,2361.0,2815.0,
commune,35196,2021,Appartement,7,,,,support insuffisant : 7 < 15
commune,35196,2021,Maison,42,2395.0,2654.0,3020.0,
commune,35196,2022,Appartement,2,,,,support insuffisant : 2 < 15
commune,35196,2022,Maison,35,2670.0,2842.0,3200.0,
commune,35196,2023,Appartement,2,,,,support insuffisant : 2 < 15
commune,35196,2023,Maison,27,2464.0,2698.0,3062.0,
commune,35196,2024,Appartement,1,,,,support insuffisant : 1 < 15
commune,35196,2024,Maison,23,2708.0,2934.0,3104.0,
commune,35196,2025,Appartement,4,,,,support insuffisant : 4 < 15
commune,35196,2025,Maison,42,2477.0,2744.0,3031.0,
commune,35197,2014,Maison,6,,,,support insuffisant : 6 < 15
commune,35197,2015,Maison,6,,,,support insuffisant : 6 < 15
commune,35197,2016,Maison,20,1640.0,1783.0,1976.0,
commune,35197,2017,Maison,7,,,,support insuffisant : 7 < 15
commune,35197,2018,Maison,15,1867.0,2000.0,2171.0,
commune,35197,2019,Maison,16,1944.0,2028.0,2261.0,
commune,35197,2020,Maison,10,,,,support insuffisant : 10 < 15
commune,35197,2021,Maison,18,2179.0,2363.0,2619.0,
commune,35197,2022,Maison,12,,,,support insuffisant : 12 < 15
commune,35197,2023,Maison,7,,,,support insuffisant : 7 < 15
commune,35197,2024,Maison,6,,,,support insuffisant : 6 < 15
commune,35197,2025,Maison,8,,,,support insuffisant : 8 < 15
commune,35198,2014,Maison,1,,,,support insuffisant : 1 < 15
commune,35198,2015,Maison,1,,,,support insuffisant : 1 < 15
commune,35198,2016,Maison,6,,,,support insuffisant : 6 < 15
commune,35198,2017,Maison,6,,,,support insuffisant : 6 < 15
commune,35198,2018,Maison,1,,,,support insuffisant : 1 < 15
commune,35198,2019,Maison,3,,,,support insuffisant : 3 < 15
commune,35198,2020,Maison,5,,,,support insuffisant : 5 < 15
commune,35198,2021,Maison,2,,,,support insuffisant : 2 < 15
commune,35198,2022,Maison,1,,,,support insuffisant : 1 < 15
commune,35198,2023,Maison,3,,,,support insuffisant : 3 < 15
commune,35198,2024,Maison,1,,,,support insuffisant : 1 < 15
commune,35198,2025,Maison,2,,,,support insuffisant : 2 < 15
commune,35199,2014,Maison,2,,,,support insuffisant : 2 < 15
commune,35199,2015,Maison,1,,,,support insuffisant : 1 < 15
commune,35199,2016,Maison,2,,,,support insuffisant : 2 < 15
commune,35199,2018,Maison,3,,,,support insuffisant : 3 < 15
commune,35199,2019,Maison,2,,,,support insuffisant : 2 < 15
commune,35199,2020,Maison,1,,,,support insuffisant : 1 < 15
commune,35199,2021,Maison,2,,,,support insuffisant : 2 < 15
commune,35199,2022,Maison,4,,,,support insuffisant : 4 < 15
commune,35199,2023,Maison,3,,,,support insuffisant : 3 < 15
commune,35200,2014,Maison,1,,,,support insuffisant : 1 < 15
commune,35200,2015,Maison,2,,,,support insuffisant : 2 < 15
commune,35200,2016,Maison,3,,,,support insuffisant : 3 < 15
commune,35200,2017,Maison,4,,,,support insuffisant : 4 < 15
commune,35200,2018,Maison,4,,,,support insuffisant : 4 < 15
commune,35200,2019,Maison,4,,,,support insuffisant : 4 < 15
commune,35200,2020,Maison,6,,,,support insuffisant : 6 < 15
commune,35200,2021,Maison,7,,,,support insuffisant : 7 < 15
commune,35200,2022,Maison,8,,,,support insuffisant : 8 < 15
commune,35200,2023,Maison,1,,,,support insuffisant : 1 < 15
commune,35200,2024,Maison,2,,,,support insuffisant : 2 < 15
commune,35200,2025,Maison,2,,,,support insuffisant : 2 < 15
commune,35201,2014,Maison,5,,,,support insuffisant : 5 < 15
commune,35201,2015,Maison,4,,,,support insuffisant : 4 < 15
commune,35201,2016,Maison,5,,,,support insuffisant : 5 < 15
commune,35201,2017,Maison,9,,,,support insuffisant : 9 < 15
commune,35201,2018,Maison,7,,,,support insuffisant : 7 < 15
commune,35201,2019,Maison,9,,,,support insuffisant : 9 < 15
commune,35201,2020,Maison,11,,,,support insuffisant : 11 < 15
commune,35201,2021,Maison,10,,,,support insuffisant : 10 < 15
commune,35201,2022,Maison,3,,,,support insuffisant : 3 < 15
commune,35201,2023,Maison,3,,,,support insuffisant : 3 < 15
commune,35201,2024,Maison,4,,,,support insuffisant : 4 < 15
commune,35201,2025,Maison,2,,,,support insuffisant : 2 < 15
commune,35202,2015,Maison,6,,,,support insuffisant : 6 < 15
commune,35202,2016,Maison,6,,,,support insuffisant : 6 < 15
commune,35202,2017,Maison,7,,,,support insuffisant : 7 < 15
commune,35202,2018,Maison,5,,,,support insuffisant : 5 < 15
commune,35202,2019,Maison,4,,,,support insuffisant : 4 < 15
commune,35202,2020,Maison,8,,,,support insuffisant : 8 < 15
commune,35202,2021,Maison,6,,,,support insuffisant : 6 < 15
commune,35202,2022,Maison,4,,,,support insuffisant : 4 < 15
commune,35202,2023,Maison,5,,,,support insuffisant : 5 < 15
commune,35202,2024,Maison,1,,,,support insuffisant : 1 < 15
commune,35202,2025,Maison,3,,,,support insuffisant : 3 < 15
commune,35203,2015,Maison,1,,,,support insuffisant : 1 < 15
commune,35203,2016,Maison,2,,,,support insuffisant : 2 < 15
commune,35203,2018,Maison,2,,,,support insuffisant : 2 < 15
commune,35203,2019,Maison,1,,,,support insuffisant : 1 < 15
commune,35203,2021,Maison,1,,,,support insuffisant : 1 < 15
commune,35203,2022,Maison,5,,,,support insuffisant : 5 < 15
commune,35203,2023,Maison,1,,,,support insuffisant : 1 < 15
commune,35203,2024,Maison,1,,,,support insuffisant : 1 < 15
commune,35203,2025,Maison,1,,,,support insuffisant : 1 < 15
commune,35204,2014,Maison,16,1694.0,1928.0,2110.0,
commune,35204,2015,Appartement,1,,,,support insuffisant : 1 < 15
commune,35204,2015,Maison,18,1602.0,1729.0,1838.0,
commune,35204,2016,Maison,18,1499.0,1885.0,2018.0,
commune,35204,2017,Maison,32,1735.0,1968.0,2202.0,
commune,35204,2018,Appartement,3,,,,support insuffisant : 3 < 15
commune,35204,2018,Maison,17,1904.0,1955.0,2111.0,
commune,35204,2019,Maison,15,1822.0,2132.0,2285.0,
commune,35204,2020,Maison,21,2043.0,2162.0,2466.0,
commune,35204,2021,Maison,28,2202.0,2596.0,2802.0,
commune,35204,2022,Maison,20,2305.0,2640.0,2839.0,
commune,35204,2023,Appartement,1,,,,support insuffisant : 1 < 15
commune,35204,2023,Maison,9,,,,support insuffisant : 9 < 15
commune,35204,2024,Maison,25,2322.0,2784.0,3000.0,
commune,35204,2025,Maison,17,2455.0,2727.0,3195.0,
commune,35205,2016,Maison,4,,,,support insuffisant : 4 < 15
commune,35205,2017,Maison,1,,,,support insuffisant : 1 < 15
commune,35205,2018,Maison,2,,,,support insuffisant : 2 < 15
commune,35205,2019,Maison,2,,,,support insuffisant : 2 < 15
commune,35205,2020,Maison,2,,,,support insuffisant : 2 < 15
commune,35205,2021,Maison,1,,,,support insuffisant : 1 < 15
commune,35205,2024,Maison,1,,,,support insuffisant : 1 < 15
commune,35206,2014,Maison,16,1985.0,2178.0,2474.0,
commune,35206,2015,Maison,31,1810.0,2007.0,2254.0,
commune,35206,2016,Appartement,1,,,,support insuffisant : 1 < 15
commune,35206,2016,Maison,30,1624.0,1961.0,2279.0,
commune,35206,2017,Maison,32,1947.0,2264.0,2560.0,
commune,35206,2018,Appartement,2,,,,support insuffisant : 2 < 15
commune,35206,2018,Maison,39,2011.0,2373.0,2633.0,
commune,35206,2019,Appartement,2,,,,support insuffisant : 2 < 15
commune,35206,2019,Maison,34,2160.0,2518.0,2881.0,
commune,35206,2020,Appartement,1,,,,support insuffisant : 1 < 15
commune,35206,2020,Maison,32,2208.0,2589.0,2808.0,
commune,35206,2021,Maison,38,2393.0,2729.0,3222.0,
commune,35206,2022,Appartement,1,,,,support insuffisant : 1 < 15
commune,35206,2022,Maison,26,2506.0,3239.0,3464.0,
commune,35206,2023,Appartement,4,,,,support insuffisant : 4 < 15
commune,35206,2023,Maison,35,2115.0,2846.0,3338.0,
commune,35206,2024,Maison,31,2441.0,2681.0,3022.0,
commune,35206,2025,Appartement,1,,,,support insuffisant : 1 < 15
commune,35206,2025,Maison,28,2759.0,3124.0,3398.0,
commune,35207,2014,Appartement,2,,,,support insuffisant : 2 < 15
commune,35207,2014,Maison,26,1949.0,2162.0,2328.0,
commune,35207,2015,Appartement,2,,,,support insuffisant : 2 < 15
commune,35207,2015,Maison,28,1965.0,2134.0,2271.0,
commune,35207,2016,Appartement,2,,,,support insuffisant : 2 < 15
commune,35207,2016,Maison,24,1954.0,2170.0,2456.0,
commune,35207,2017,Maison,38,1956.0,2294.0,2494.0,
commune,35207,2018,Maison,20,2126.0,2380.0,2584.0,
commune,35207,2019,Appartement,2,,,,support insuffisant : 2 < 15
commune,35207,2019,Maison,26,2030.0,2486.0,2894.0,
commune,35207,2020,Appartement,3,,,,support insuffisant : 3 < 15
commune,35207,2020,Maison,28,2235.0,2578.0,2770.0,
commune,35207,2021,Appartement,3,,,,support insuffisant : 3 < 15
commune,35207,2021,Maison,38,2521.0,2750.0,3033.0,
commune,35207,2022,Maison,35,2607.0,2921.0,3278.0,
commune,35207,2023,Appartement,2,,,,support insuffisant : 2 < 15
commune,35207,2023,Maison,15,2641.0,2882.0,3034.0,
commune,35207,2024,Maison,30,2360.0,2661.0,2868.0,
commune,35207,2025,Maison,39,2506.0,2784.0,3173.0,
commune,35208,2014,Maison,14,,,,support insuffisant : 14 < 15
commune,35208,2015,Maison,25,1829.0,1967.0,2173.0,
commune,35208,2016,Maison,24,1932.0,2132.0,2185.0,
commune,35208,2017,Maison,34,1936.0,2119.0,2206.0,
commune,35208,2018,Maison,50,1938.0,2056.0,2373.0,
commune,35208,2019,Maison,44,1917.0,2054.0,2229.0,
commune,35208,2020,Maison,42,2078.0,2337.0,2454.0,
commune,35208,2021,Maison,46,2299.0,2587.0,2701.0,
commune,35208,2022,Maison,26,2707.0,2854.0,3121.0,
commune,35208,2023,Maison,32,2604.0,2805.0,2955.0,
commune,35208,2024,Maison,27,2562.0,2835.0,3012.0,
commune,35208,2025,Maison,16,2386.0,2509.0,2778.0,
commune,35210,2014,Appartement,2,,,,support insuffisant : 2 < 15
commune,35210,2014,Maison,40,2297.0,2619.0,2786.0,
commune,35210,2015,Maison,79,2179.0,2411.0,2838.0,
commune,35210,2016,Appartement,8,,,,support insuffisant : 8 < 15
commune,35210,2016,Maison,70,2207.0,2506.0,2695.0,
commune,35210,2017,Appartement,5,,,,support insuffisant : 5 < 15
commune,35210,2017,Maison,73,2273.0,2517.0,2763.0,
commune,35210,2018,Appartement,4,,,,support insuffisant : 4 < 15
commune,35210,2018,Maison,54,2217.0,2500.0,2760.0,
commune,35210,2019,Appartement,1,,,,support insuffisant : 1 < 15
commune,35210,2019,Maison,83,2390.0,2641.0,2938.0,
commune,35210,2020,Appartement,7,,,,support insuffisant : 7 < 15
commune,35210,2020,Maison,69,2611.0,3012.0,3416.0,
commune,35210,2021,Appartement,1,,,,support insuffisant : 1 < 15
commune,35210,2021,Maison,49,2946.0,3267.0,3514.0,
commune,35210,2022,Appartement,3,,,,support insuffisant : 3 < 15
commune,35210,2022,Maison,63,3182.0,3457.0,3807.0,
commune,35210,2023,Appartement,1,,,,support insuffisant : 1 < 15
commune,35210,2023,Maison,55,3028.0,3333.0,3809.0,
commune,35210,2024,Appartement,2,,,,support insuffisant : 2 < 15
commune,35210,2024,Maison,45,2849.0,3238.0,3571.0,
commune,35210,2025,Appartement,2,,,,support insuffisant : 2 < 15
commune,35210,2025,Maison,53,2951.0,3191.0,3686.0,
commune,35211,2014,Appartement,1,,,,support insuffisant : 1 < 15
commune,35211,2014,Maison,12,,,,support insuffisant : 12 < 15
commune,35211,2015,Maison,9,,,,support insuffisant : 9 < 15
commune,35211,2016,Maison,7,,,,support insuffisant : 7 < 15
commune,35211,2017,Maison,14,,,,support insuffisant : 14 < 15
commune,35211,2018,Maison,11,,,,support insuffisant : 11 < 15
commune,35211,2019,Maison,9,,,,support insuffisant : 9 < 15
commune,35211,2020,Maison,12,,,,support insuffisant : 12 < 15
commune,35211,2021,Appartement,1,,,,support insuffisant : 1 < 15
commune,35211,2021,Maison,15,1177.0,1622.0,1944.0,
commune,35211,2022,Maison,8,,,,support insuffisant : 8 < 15
commune,35211,2023,Maison,8,,,,support insuffisant : 8 < 15
commune,35211,2024,Appartement,1,,,,support insuffisant : 1 < 15
commune,35211,2024,Maison,5,,,,support insuffisant : 5 < 15
commune,35211,2025,Maison,4,,,,support insuffisant : 4 < 15
commune,35212,2015,Maison,5,,,,support insuffisant : 5 < 15
commune,35212,2016,Maison,7,,,,support insuffisant : 7 < 15
commune,35212,2017,Maison,8,,,,support insuffisant : 8 < 15
commune,35212,2018,Maison,7,,,,support insuffisant : 7 < 15
commune,35212,2019,Maison,8,,,,support insuffisant : 8 < 15
commune,35212,2020,Maison,3,,,,support insuffisant : 3 < 15
commune,35212,2021,Maison,8,,,,support insuffisant : 8 < 15
commune,35212,2022,Maison,2,,,,support insuffisant : 2 < 15
commune,35212,2023,Maison,2,,,,support insuffisant : 2 < 15
commune,35212,2024,Maison,1,,,,support insuffisant : 1 < 15
commune,35212,2025,Maison,4,,,,support insuffisant : 4 < 15
commune,35214,2014,Maison,2,,,,support insuffisant : 2 < 15
commune,35214,2015,Maison,2,,,,support insuffisant : 2 < 15
commune,35214,2016,Maison,4,,,,support insuffisant : 4 < 15
commune,35214,2017,Maison,9,,,,support insuffisant : 9 < 15
commune,35214,2018,Maison,6,,,,support insuffisant : 6 < 15
commune,35214,2019,Maison,4,,,,support insuffisant : 4 < 15
commune,35214,2020,Maison,7,,,,support insuffisant : 7 < 15
commune,35214,2021,Maison,8,,,,support insuffisant : 8 < 15
commune,35214,2022,Maison,10,,,,support insuffisant : 10 < 15
commune,35214,2023,Maison,3,,,,support insuffisant : 3 < 15
commune,35214,2024,Maison,6,,,,support insuffisant : 6 < 15
commune,35215,2014,Maison,5,,,,support insuffisant : 5 < 15
commune,35215,2015,Maison,9,,,,support insuffisant : 9 < 15
commune,35215,2016,Maison,6,,,,support insuffisant : 6 < 15
commune,35215,2017,Maison,4,,,,support insuffisant : 4 < 15
commune,35215,2018,Maison,4,,,,support insuffisant : 4 < 15
commune,35215,2019,Maison,3,,,,support insuffisant : 3 < 15
commune,35215,2020,Maison,7,,,,support insuffisant : 7 < 15
commune,35215,2021,Maison,8,,,,support insuffisant : 8 < 15
commune,35215,2022,Maison,3,,,,support insuffisant : 3 < 15
commune,35215,2023,Maison,6,,,,support insuffisant : 6 < 15
commune,35215,2024,Maison,3,,,,support insuffisant : 3 < 15
commune,35215,2025,Maison,3,,,,support insuffisant : 3 < 15
commune,35216,2014,Appartement,1,,,,support insuffisant : 1 < 15
commune,35216,2014,Maison,13,,,,support insuffisant : 13 < 15
commune,35216,2015,Appartement,3,,,,support insuffisant : 3 < 15
commune,35216,2015,Maison,10,,,,support insuffisant : 10 < 15
commune,35216,2016,Maison,17,1584.0,1833.0,1937.0,
commune,35216,2017,Maison,11,,,,support insuffisant : 11 < 15
commune,35216,2018,Appartement,1,,,,support insuffisant : 1 < 15
commune,35216,2018,Maison,14,,,,support insuffisant : 14 < 15
commune,35216,2019,Maison,18,1936.0,2133.0,2427.0,
commune,35216,2020,Appartement,3,,,,support insuffisant : 3 < 15
commune,35216,2020,Maison,10,,,,support insuffisant : 10 < 15
commune,35216,2021,Maison,19,2026.0,2208.0,2387.0,
commune,35216,2022,Maison,18,2313.0,2668.0,3027.0,
commune,35216,2023,Maison,4,,,,support insuffisant : 4 < 15
commune,35216,2024,Maison,12,,,,support insuffisant : 12 < 15
commune,35216,2025,Maison,8,,,,support insuffisant : 8 < 15
commune,35217,2014,Maison,5,,,,support insuffisant : 5 < 15
commune,35217,2015,Maison,1,,,,support insuffisant : 1 < 15
commune,35217,2016,Maison,3,,,,support insuffisant : 3 < 15
commune,35217,2017,Maison,5,,,,support insuffisant : 5 < 15
commune,35217,2018,Maison,9,,,,support insuffisant : 9 < 15
commune,35217,2019,Maison,11,,,,support insuffisant : 11 < 15
commune,35217,2020,Maison,4,,,,support insuffisant : 4 < 15
commune,35217,2021,Maison,9,,,,support insuffisant : 9 < 15
commune,35217,2022,Maison,5,,,,support insuffisant : 5 < 15
commune,35217,2023,Maison,7,,,,support insuffisant : 7 < 15
commune,35217,2024,Maison,3,,,,support insuffisant : 3 < 15
commune,35217,2025,Maison,3,,,,support insuffisant : 3 < 15
commune,35218,2014,Maison,9,,,,support insuffisant : 9 < 15
commune,35218,2015,Maison,5,,,,support insuffisant : 5 < 15
commune,35218,2016,Maison,2,,,,support insuffisant : 2 < 15
commune,35218,2017,Maison,7,,,,support insuffisant : 7 < 15
commune,35218,2018,Maison,12,,,,support insuffisant : 12 < 15
commune,35218,2019,Maison,4,,,,support insuffisant : 4 < 15
commune,35218,2020,Maison,4,,,,support insuffisant : 4 < 15
commune,35218,2021,Maison,7,,,,support insuffisant : 7 < 15
commune,35218,2022,Maison,6,,,,support insuffisant : 6 < 15
commune,35218,2023,Maison,2,,,,support insuffisant : 2 < 15
commune,35218,2024,Maison,4,,,,support insuffisant : 4 < 15
commune,35218,2025,Maison,3,,,,support insuffisant : 3 < 15
commune,35219,2014,Maison,12,,,,support insuffisant : 12 < 15
commune,35219,2015,Maison,12,,,,support insuffisant : 12 < 15
commune,35219,2016,Maison,17,894.0,1116.0,1257.0,
commune,35219,2017,Maison,17,667.0,1169.0,1419.0,
commune,35219,2018,Maison,12,,,,support insuffisant : 12 < 15
commune,35219,2019,Maison,11,,,,support insuffisant : 11 < 15
commune,35219,2020,Maison,32,940.0,1364.0,1557.0,
commune,35219,2021,Maison,14,,,,support insuffisant : 14 < 15
commune,35219,2022,Maison,17,1693.0,2110.0,2300.0,
commune,35219,2023,Maison,7,,,,support insuffisant : 7 < 15
commune,35219,2024,Maison,12,,,,support insuffisant : 12 < 15
commune,35219,2025,Maison,11,,,,support insuffisant : 11 < 15
commune,35220,2014,Appartement,1,,,,support insuffisant : 1 < 15
commune,35220,2014,Maison,8,,,,support insuffisant : 8 < 15
commune,35220,2015,Maison,21,1570.0,1720.0,1857.0,
commune,35220,2016,Maison,12,,,,support insuffisant : 12 < 15
commune,35220,2017,Maison,16,1068.0,1565.0,1978.0,
commune,35220,2018,Appartement,3,,,,support insuffisant : 3 < 15
commune,35220,2018,Maison,20,1465.0,1802.0,2078.0,
commune,35220,2019,Appartement,3,,,,support insuffisant : 3 < 15
commune,35220,2019,Maison,24,1375.0,1639.0,2085.0,
commune,35220,2020,Appartement,1,,,,support insuffisant : 1 < 15
commune,35220,2020,Maison,35,1356.0,1659.0,2027.0,
commune,35220,2021,Appartement,2,,,,support insuffisant : 2 < 15
commune,35220,2021,Maison,21,1616.0,2127.0,2443.0,
commune,35220,2022,Appartement,1,,,,support insuffisant : 1 < 15
commune,35220,2022,Maison,27,2012.0,2426.0,2645.0,
commune,35220,2023,Appartement,1,,,,support insuffisant : 1 < 15
commune,35220,2023,Maison,18,1539.0,2338.0,2535.0,
commune,35220,2024,Appartement,2,,,,support insuffisant : 2 < 15
commune,35220,2024,Maison,12,,,,support insuffisant : 12 < 15
commune,35220,2025,Appartement,1,,,,support insuffisant : 1 < 15
commune,35220,2025,Maison,12,,,,support insuffisant : 12 < 15
commune,35221,2014,Maison,26,1065.0,1337.0,1566.0,
commune,35221,2015,Maison,20,1140.0,1505.0,1593.0,
commune,35221,2016,Maison,10,,,,support insuffisant : 10 < 15
commune,35221,2017,Maison,15,793.0,1073.0,1374.0,
commune,35221,2018,Maison,28,1064.0,1336.0,1574.0,
commune,35221,2019,Maison,21,1446.0,1611.0,1848.0,
commune,35221,2020,Maison,22,1265.0,1465.0,2082.0,
commune,35221,2021,Maison,14,,,,support insuffisant : 14 < 15
commune,35221,2022,Maison,10,,,,support insuffisant : 10 < 15
commune,35221,2023,Appartement,1,,,,support insuffisant : 1 < 15
commune,35221,2023,Maison,11,,,,support insuffisant : 11 < 15
commune,35221,2024,Maison,11,,,,support insuffisant : 11 < 15
commune,35221,2025,Maison,11,,,,support insuffisant : 11 < 15
commune,35222,2014,Maison,7,,,,support insuffisant : 7 < 15
commune,35222,2015,Maison,10,,,,support insuffisant : 10 < 15
commune,35222,2016,Maison,9,,,,support insuffisant : 9 < 15
commune,35222,2017,Appartement,1,,,,support insuffisant : 1 < 15
commune,35222,2017,Maison,6,,,,support insuffisant : 6 < 15
commune,35222,2018,Maison,10,,,,support insuffisant : 10 < 15
commune,35222,2019,Maison,16,871.0,1161.0,1308.0,
commune,35222,2020,Maison,11,,,,support insuffisant : 11 < 15
commune,35222,2021,Maison,6,,,,support insuffisant : 6 < 15
commune,35222,2022,Maison,7,,,,support insuffisant : 7 < 15
commune,35222,2023,Maison,12,,,,support insuffisant : 12 < 15
commune,35222,2024,Maison,9,,,,support insuffisant : 9 < 15
commune,35222,2025,Maison,8,,,,support insuffisant : 8 < 15
commune,35223,2014,Maison,18,1281.0,1600.0,1975.0,
commune,35223,2015,Appartement,2,,,,support insuffisant : 2 < 15
commune,35223,2015,Maison,26,1104.0,1404.0,1684.0,
commune,35223,2016,Maison,30,923.0,1358.0,1552.0,
commune,35223,2017,Maison,28,1219.0,1365.0,1624.0,
commune,35223,2018,Appartement,1,,,,support insuffisant : 1 < 15
commune,35223,2018,Maison,19,1084.0,1410.0,1853.0,
commune,35223,2019,Appartement,1,,,,support insuffisant : 1 < 15
commune,35223,2019,Maison,19,1469.0,1645.0,1858.0,
commune,35223,2020,Maison,32,1265.0,1634.0,1931.0,
commune,35223,2021,Maison,20,1476.0,1738.0,1900.0,
commune,35223,2022,Maison,36,1763.0,2067.0,2366.0,
commune,35223,2023,Maison,17,1944.0,2243.0,2500.0,
commune,35223,2024,Appartement,1,,,,support insuffisant : 1 < 15
commune,35223,2024,Maison,13,,,,support insuffisant : 13 < 15
commune,35223,2025,Appartement,1,,,,support insuffisant : 1 < 15
commune,35223,2025,Maison,12,,,,support insuffisant : 12 < 15
commune,35224,2014,Maison,6,,,,support insuffisant : 6 < 15
commune,35224,2015,Maison,10,,,,support insuffisant : 10 < 15
commune,35224,2016,Maison,13,,,,support insuffisant : 13 < 15
commune,35224,2017,Maison,13,,,,support insuffisant : 13 < 15
commune,35224,2018,Maison,18,1007.0,1621.0,1893.0,
commune,35224,2019,Maison,10,,,,support insuffisant : 10 < 15
commune,35224,2020,Maison,16,1630.0,1828.0,1993.0,
commune,35224,2021,Maison,13,,,,support insuffisant : 13 < 15
commune,35224,2022,Maison,14,,,,support insuffisant : 14 < 15
commune,35224,2023,Maison,15,1757.0,2149.0,2586.0,
commune,35224,2024,Maison,5,,,,support insuffisant : 5 < 15
commune,35224,2025,Maison,12,,,,support insuffisant : 12 < 15
commune,35225,2014,Maison,7,,,,support insuffisant : 7 < 15
commune,35225,2015,Maison,2,,,,support insuffisant : 2 < 15
commune,35225,2017,Maison,4,,,,support insuffisant : 4 < 15
commune,35225,2018,Maison,5,,,,support insuffisant : 5 < 15
commune,35225,2019,Maison,6,,,,support insuffisant : 6 < 15
commune,35225,2020,Maison,3,,,,support insuffisant : 3 < 15
commune,35225,2021,Maison,3,,,,support insuffisant : 3 < 15
commune,35225,2022,Maison,2,,,,support insuffisant : 2 < 15
commune,35225,2023,Maison,4,,,,support insuffisant : 4 < 15
commune,35225,2024,Maison,5,,,,support insuffisant : 5 < 15
commune,35226,2014,Maison,5,,,,support insuffisant : 5 < 15
commune,35226,2015,Maison,6,,,,support insuffisant : 6 < 15
commune,35226,2016,Maison,11,,,,support insuffisant : 11 < 15
commune,35226,2017,Appartement,1,,,,support insuffisant : 1 < 15
commune,35226,2017,Maison,8,,,,support insuffisant : 8 < 15
commune,35226,2018,Maison,6,,,,support insuffisant : 6 < 15
commune,35226,2019,Appartement,2,,,,support insuffisant : 2 < 15
commune,35226,2019,Maison,12,,,,support insuffisant : 12 < 15
commune,35226,2020,Appartement,2,,,,support insuffisant : 2 < 15
commune,35226,2020,Maison,13,,,,support insuffisant : 13 < 15
commune,35226,2021,Maison,15,1135.0,1718.0,1981.0,
commune,35226,2022,Maison,7,,,,support insuffisant : 7 < 15
commune,35226,2023,Maison,7,,,,support insuffisant : 7 < 15
commune,35226,2024,Maison,3,,,,support insuffisant : 3 < 15
commune,35226,2025,Appartement,1,,,,support insuffisant : 1 < 15
commune,35226,2025,Maison,14,,,,support insuffisant : 14 < 15
commune,35227,2014,Maison,19,1586.0,1762.0,1875.0,
commune,35227,2015,Maison,12,,,,support insuffisant : 12 < 15
commune,35227,2016,Maison,25,1778.0,1830.0,2074.0,
commune,35227,2017,Maison,28,1582.0,1882.0,2071.0,
commune,35227,2018,Maison,18,1853.0,2121.0,2253.0,
commune,35227,2019,Maison,24,1723.0,2029.0,2201.0,
commune,35227,2020,Maison,37,1756.0,2151.0,2464.0,
commune,35227,2021,Maison,23,2250.0,2389.0,2663.0,
commune,35227,2022,Maison,25,2220.0,2455.0,2844.0,
commune,35227,2023,Maison,13,,,,support insuffisant : 13 < 15
commune,35227,2024,Maison,7,,,,support insuffisant : 7 < 15
commune,35227,2025,Maison,11,,,,support insuffisant : 11 < 15
commune,35228,2014,Appartement,3,,,,support insuffisant : 3 < 15
commune,35228,2014,Maison,34,1576.0,1964.0,2130.0,
commune,35228,2015,Appartement,3,,,,support insuffisant : 3 < 15
commune,35228,2015,Maison,39,1707.0,1959.0,2243.0,
commune,35228,2016,Appartement,2,,,,support insuffisant : 2 < 15
commune,35228,2016,Maison,51,1564.0,1875.0,2124.0,
commune,35228,2017,Appartement,8,,,,support insuffisant : 8 < 15
commune,35228,2017,Maison,55,1483.0,1944.0,2146.0,
commune,35228,2018,Appartement,5,,,,support insuffisant : 5 < 15
commune,35228,2018,Maison,45,1810.0,2045.0,2316.0,
commune,35228,2019,Appartement,4,,,,support insuffisant : 4 < 15
commune,35228,2019,Maison,49,1750.0,2059.0,2364.0,
commune,35228,2020,Appartement,3,,,,support insuffisant : 3 < 15
commune,35228,2020,Maison,63,1972.0,2375.0,2734.0,
commune,35228,2021,Appartement,8,,,,support insuffisant : 8 < 15
commune,35228,2021,Maison,43,2128.0,2467.0,3126.0,
commune,35228,2022,Appartement,4,,,,support insuffisant : 4 < 15
commune,35228,2022,Maison,42,2833.0,3359.0,3628.0,
commune,35228,2023,Appartement,8,,,,support insuffisant : 8 < 15
commune,35228,2023,Maison,43,2708.0,3157.0,3510.0,
commune,35228,2024,Appartement,3,,,,support insuffisant : 3 < 15
commune,35228,2024,Maison,25,2877.0,3154.0,3804.0,
commune,35228,2025,Appartement,8,,,,support insuffisant : 8 < 15
commune,35228,2025,Maison,24,2608.0,3059.0,3656.0,
commune,35229,2014,Maison,4,,,,support insuffisant : 4 < 15
commune,35229,2015,Maison,6,,,,support insuffisant : 6 < 15
commune,35229,2016,Maison,13,,,,support insuffisant : 13 < 15
commune,35229,2017,Maison,12,,,,support insuffisant : 12 < 15
commune,35229,2018,Maison,7,,,,support insuffisant : 7 < 15
commune,35229,2019,Appartement,1,,,,support insuffisant : 1 < 15
commune,35229,2019,Maison,15,1501.0,1900.0,2001.0,
commune,35229,2020,Maison,11,,,,support insuffisant : 11 < 15
commune,35229,2021,Maison,11,,,,support insuffisant : 11 < 15
commune,35229,2022,Maison,6,,,,support insuffisant : 6 < 15
commune,35229,2023,Maison,9,,,,support insuffisant : 9 < 15
commune,35229,2024,Maison,5,,,,support insuffisant : 5 < 15
commune,35229,2025,Maison,7,,,,support insuffisant : 7 < 15
commune,35230,2016,Maison,1,,,,support insuffisant : 1 < 15
commune,35230,2017,Maison,1,,,,support insuffisant : 1 < 15
commune,35230,2019,Maison,1,,,,support insuffisant : 1 < 15
commune,35230,2020,Maison,2,,,,support insuffisant : 2 < 15
commune,35230,2021,Maison,2,,,,support insuffisant : 2 < 15
commune,35230,2024,Maison,1,,,,support insuffisant : 1 < 15
commune,35231,2014,Maison,4,,,,support insuffisant : 4 < 15
commune,35231,2015,Maison,11,,,,support insuffisant : 11 < 15
commune,35231,2016,Maison,9,,,,support insuffisant : 9 < 15
commune,35231,2017,Maison,11,,,,support insuffisant : 11 < 15
commune,35231,2018,Maison,6,,,,support insuffisant : 6 < 15
commune,35231,2019,Maison,8,,,,support insuffisant : 8 < 15
commune,35231,2020,Maison,6,,,,support insuffisant : 6 < 15
commune,35231,2021,Maison,8,,,,support insuffisant : 8 < 15
commune,35231,2022,Maison,3,,,,support insuffisant : 3 < 15
commune,35231,2023,Maison,2,,,,support insuffisant : 2 < 15
commune,35231,2024,Maison,6,,,,support insuffisant : 6 < 15
commune,35231,2025,Maison,7,,,,support insuffisant : 7 < 15
commune,35232,2014,Maison,2,,,,support insuffisant : 2 < 15
commune,35232,2015,Maison,2,,,,support insuffisant : 2 < 15
commune,35232,2016,Maison,1,,,,support insuffisant : 1 < 15
commune,35232,2017,Maison,1,,,,support insuffisant : 1 < 15
commune,35232,2018,Maison,1,,,,support insuffisant : 1 < 15
commune,35232,2019,Maison,2,,,,support insuffisant : 2 < 15
commune,35232,2020,Maison,2,,,,support insuffisant : 2 < 15
commune,35232,2021,Maison,6,,,,support insuffisant : 6 < 15
commune,35232,2022,Maison,2,,,,support insuffisant : 2 < 15
commune,35232,2024,Maison,1,,,,support insuffisant : 1 < 15
commune,35232,2025,Maison,1,,,,support insuffisant : 1 < 15
commune,35233,2014,Maison,6,,,,support insuffisant : 6 < 15
commune,35233,2015,Maison,7,,,,support insuffisant : 7 < 15
commune,35233,2016,Maison,9,,,,support insuffisant : 9 < 15
commune,35233,2017,Maison,13,,,,support insuffisant : 13 < 15
commune,35233,2018,Maison,8,,,,support insuffisant : 8 < 15
commune,35233,2019,Maison,8,,,,support insuffisant : 8 < 15
commune,35233,2020,Maison,10,,,,support insuffisant : 10 < 15
commune,35233,2021,Maison,10,,,,support insuffisant : 10 < 15
commune,35233,2022,Maison,5,,,,support insuffisant : 5 < 15
commune,35233,2023,Maison,2,,,,support insuffisant : 2 < 15
commune,35233,2024,Maison,3,,,,support insuffisant : 3 < 15
commune,35233,2025,Maison,4,,,,support insuffisant : 4 < 15
commune,35234,2014,Maison,3,,,,support insuffisant : 3 < 15
commune,35234,2015,Maison,3,,,,support insuffisant : 3 < 15
commune,35234,2016,Maison,5,,,,support insuffisant : 5 < 15
commune,35234,2017,Maison,5,,,,support insuffisant : 5 < 15
commune,35234,2018,Maison,4,,,,support insuffisant : 4 < 15
commune,35234,2019,Maison,3,,,,support insuffisant : 3 < 15
commune,35234,2020,Maison,9,,,,support insuffisant : 9 < 15
commune,35234,2021,Maison,8,,,,support insuffisant : 8 < 15
commune,35234,2022,Maison,6,,,,support insuffisant : 6 < 15
commune,35234,2023,Maison,3,,,,support insuffisant : 3 < 15
commune,35234,2024,Maison,3,,,,support insuffisant : 3 < 15
commune,35234,2025,Maison,5,,,,support insuffisant : 5 < 15
commune,35235,2014,Maison,7,,,,support insuffisant : 7 < 15
commune,35235,2015,Maison,4,,,,support insuffisant : 4 < 15
commune,35235,2016,Maison,7,,,,support insuffisant : 7 < 15
commune,35235,2017,Maison,9,,,,support insuffisant : 9 < 15
commune,35235,2018,Maison,5,,,,support insuffisant : 5 < 15
commune,35235,2019,Maison,5,,,,support insuffisant : 5 < 15
commune,35235,2020,Maison,10,,,,support insuffisant : 10 < 15
commune,35235,2021,Maison,16,427.0,966.0,1303.0,
commune,35235,2022,Maison,6,,,,support insuffisant : 6 < 15
commune,35235,2023,Maison,3,,,,support insuffisant : 3 < 15
commune,35235,2024,Maison,2,,,,support insuffisant : 2 < 15
commune,35235,2025,Maison,6,,,,support insuffisant : 6 < 15
commune,35236,2014,Appartement,11,,,,support insuffisant : 11 < 15
commune,35236,2014,Maison,15,1055.0,1264.0,1496.0,
commune,35236,2015,Appartement,16,857.0,1185.0,1460.0,
commune,35236,2015,Maison,32,890.0,1124.0,1273.0,
commune,35236,2016,Appartement,21,902.0,1131.0,1308.0,
commune,35236,2016,Maison,50,1002.0,1287.0,1580.0,
commune,35236,2017,Appartement,30,939.0,1144.0,1436.0,
commune,35236,2017,Maison,55,1018.0,1379.0,1864.0,
commune,35236,2018,Appartement,28,1071.0,1231.0,1444.0,
commune,35236,2018,Maison,60,1107.0,1385.0,1584.0,
commune,35236,2019,Appartement,33,1039.0,1312.0,1605.0,
commune,35236,2019,Maison,54,1221.0,1495.0,1850.0,
commune,35236,2020,Appartement,30,1129.0,1285.0,1485.0,
commune,35236,2020,Maison,68,1265.0,1581.0,1831.0,
commune,35236,2021,Appartement,25,1448.0,1717.0,2000.0,
commune,35236,2021,Maison,51,1152.0,1594.0,1946.0,
commune,35236,2022,Appartement,18,1700.0,2073.0,2522.0,
commune,35236,2022,Maison,46,1669.0,2044.0,2384.0,
commune,35236,2023,Appartement,13,,,,support insuffisant : 13 < 15
commune,35236,2023,Maison,44,1840.0,2152.0,2406.0,
commune,35236,2024,Appartement,11,,,,support insuffisant : 11 < 15
commune,35236,2024,Maison,34,1828.0,2017.0,2717.0,
commune,35236,2025,Appartement,19,1639.0,1993.0,2451.0,
commune,35236,2025,Maison,38,1844.0,2193.0,2494.0,
commune,35237,2014,Maison,4,,,,support insuffisant : 4 < 15
commune,35237,2015,Maison,4,,,,support insuffisant : 4 < 15
commune,35237,2017,Maison,3,,,,support insuffisant : 3 < 15
commune,35237,2018,Maison,3,,,,support insuffisant : 3 < 15
commune,35237,2019,Maison,5,,,,support insuffisant : 5 < 15
commune,35237,2020,Maison,10,,,,support insuffisant : 10 < 15
commune,35237,2021,Maison,8,,,,support insuffisant : 8 < 15
commune,35237,2022,Maison,2,,,,support insuffisant : 2 < 15
commune,35237,2023,Maison,4,,,,support insuffisant : 4 < 15
commune,35237,2024,Maison,4,,,,support insuffisant : 4 < 15
commune,35237,2025,Maison,6,,,,support insuffisant : 6 < 15
commune,35238,2014,Appartement,898,1668.0,2182.0,2863.0,
commune,35238,2014,Maison,311,2830.0,3395.0,4076.0,
commune,35238,2015,Appartement,1013,1630.0,2263.0,2875.0,
commune,35238,2015,Maison,362,2696.0,3333.0,4091.0,
commune,35238,2016,Appartement,1081,1640.0,2258.0,2970.0,
commune,35238,2016,Maison,379,2754.0,3364.0,4187.0,
commune,35238,2017,Appartement,1219,1742.0,2361.0,3005.0,
commune,35238,2017,Maison,404,2932.0,3589.0,4428.0,
commune,35238,2018,Appartement,1228,1777.0,2606.0,3333.0,
commune,35238,2018,Maison,391,3125.0,3778.0,4766.0,
commune,35238,2019,Appartement,1228,1947.0,2772.0,3561.0,
commune,35238,2019,Maison,435,3427.0,4044.0,5132.0,
commune,35238,2020,Appartement,1124,2283.0,3200.0,4098.0,
commune,35238,2020,Maison,407,3754.0,4559.0,5470.0,
commune,35238,2021,Appartement,705,2768.0,3778.0,4821.0,
commune,35238,2021,Maison,346,4038.0,4918.0,6158.0,
commune,35238,2022,Appartement,511,3645.0,4444.0,5314.0,
commune,35238,2022,Maison,304,4215.0,5091.0,6436.0,
commune,35238,2023,Appartement,368,3508.0,4463.0,5353.0,
commune,35238,2023,Maison,211,4268.0,5110.0,6232.0,
commune,35238,2024,Appartement,354,3391.0,4300.0,5274.0,
commune,35238,2024,Maison,232,3782.0,4644.0,5474.0,
commune,35238,2025,Appartement,376,3605.0,4341.0,5384.0,
commune,35238,2025,Maison,301,3650.0,4494.0,5337.0,
commune,35239,2014,Maison,16,1100.0,1320.0,1560.0,
commune,35239,2015,Appartement,1,,,,support insuffisant : 1 < 15
commune,35239,2015,Maison,25,1164.0,1426.0,1696.0,
commune,35239,2016,Maison,24,964.0,1257.0,1507.0,
commune,35239,2017,Maison,31,1186.0,1540.0,1716.0,
commune,35239,2018,Appartement,1,,,,support insuffisant : 1 < 15
commune,35239,2018,Maison,37,1062.0,1366.0,1667.0,
commune,35239,2019,Maison,36,1346.0,1483.0,1795.0,
commune,35239,2020,Maison,40,1400.0,1511.0,1889.0,
commune,35239,2021,Maison,36,1500.0,1883.0,2132.0,
commune,35239,2022,Maison,30,1782.0,2026.0,2280.0,
commune,35239,2023,Maison,17,1728.0,2050.0,2727.0,
commune,35239,2024,Maison,20,1820.0,1964.0,2172.0,
commune,35239,2025,Maison,31,1532.0,1875.0,2199.0,
commune,35240,2014,Appartement,9,,,,support insuffisant : 9 < 15
commune,35240,2014,Maison,46,1829.0,2111.0,2343.0,
commune,35240,2015,Appartement,6,,,,support insuffisant : 6 < 15
commune,35240,2015,Maison,59,1865.0,2135.0,2425.0,
commune,35240,2016,Appartement,8,,,,support insuffisant : 8 < 15
commune,35240,2016,Maison,54,1916.0,2188.0,2353.0,
commune,35240,2017,Appartement,17,1568.0,1883.0,2101.0,
commune,35240,2017,Maison,64,2093.0,2256.0,2526.0,
commune,35240,2018,Appartement,10,,,,support insuffisant : 10 < 15
commune,35240,2018,Maison,34,2040.0,2343.0,2546.0,
commune,35240,2019,Appartement,16,1729.0,1886.0,2252.0,
commune,35240,2019,Maison,55,2087.0,2500.0,2781.0,
commune,35240,2020,Appartement,6,,,,support insuffisant : 6 < 15
commune,35240,2020,Maison,67,2411.0,2673.0,2906.0,
commune,35240,2021,Appartement,6,,,,support insuffisant : 6 < 15
commune,35240,2021,Maison,41,2464.0,2770.0,3097.0,
commune,35240,2022,Appartement,9,,,,support insuffisant : 9 < 15
commune,35240,2022,Maison,37,2833.0,3156.0,3421.0,
commune,35240,2023,Appartement,5,,,,support insuffisant : 5 < 15
commune,35240,2023,Maison,26,2535.0,2784.0,3279.0,
commune,35240,2024,Appartement,4,,,,support insuffisant : 4 < 15
commune,35240,2024,Maison,29,2661.0,3021.0,3242.0,
commune,35240,2025,Appartement,6,,,,support insuffisant : 6 < 15
commune,35240,2025,Maison,42,2467.0,2866.0,3143.0,
commune,35241,2014,Maison,15,1869.0,2000.0,2329.0,
commune,35241,2015,Maison,18,1416.0,1916.0,2299.0,
commune,35241,2016,Appartement,2,,,,support insuffisant : 2 < 15
commune,35241,2016,Maison,17,1907.0,2286.0,2571.0,
commune,35241,2017,Appartement,1,,,,support insuffisant : 1 < 15
commune,35241,2017,Maison,31,1957.0,2133.0,2578.0,
commune,35241,2018,Maison,19,2041.0,2500.0,3131.0,
commune,35241,2019,Appartement,1,,,,support insuffisant : 1 < 15
commune,35241,2019,Maison,23,1856.0,2132.0,2637.0,
commune,35241,2020,Maison,23,1997.0,2441.0,3066.0,
commune,35241,2021,Appartement,1,,,,support insuffisant : 1 < 15
commune,35241,2021,Maison,20,2061.0,2909.0,3554.0,
commune,35241,2022,Appartement,2,,,,support insuffisant : 2 < 15
commune,35241,2022,Maison,26,2749.0,2826.0,3563.0,
commune,35241,2023,Appartement,1,,,,support insuffisant : 1 < 15
commune,35241,2023,Maison,9,,,,support insuffisant : 9 < 15
commune,35241,2024,Appartement,1,,,,support insuffisant : 1 < 15
commune,35241,2024,Maison,19,2694.0,3252.0,3961.0,
commune,35241,2025,Maison,14,,,,support insuffisant : 14 < 15
commune,35242,2014,Maison,1,,,,support insuffisant : 1 < 15
commune,35242,2015,Maison,1,,,,support insuffisant : 1 < 15
commune,35242,2018,Maison,1,,,,support insuffisant : 1 < 15
commune,35242,2019,Maison,2,,,,support insuffisant : 2 < 15
commune,35242,2020,Maison,2,,,,support insuffisant : 2 < 15
commune,35242,2021,Maison,1,,,,support insuffisant : 1 < 15
commune,35242,2022,Maison,2,,,,support insuffisant : 2 < 15
commune,35242,2025,Maison,3,,,,support insuffisant : 3 < 15
commune,35243,2014,Maison,5,,,,support insuffisant : 5 < 15
commune,35243,2015,Maison,14,,,,support insuffisant : 14 < 15
commune,35243,2016,Maison,15,1318.0,1567.0,1624.0,
commune,35243,2017,Maison,19,1357.0,1567.0,1689.0,
commune,35243,2018,Maison,15,1180.0,1500.0,1737.0,
commune,35243,2019,Maison,19,1098.0,1299.0,1812.0,
commune,35243,2020,Maison,13,,,,support insuffisant : 13 < 15
commune,35243,2021,Maison,21,1232.0,1545.0,2273.0,
commune,35243,2022,Maison,17,1540.0,1656.0,2378.0,
commune,35243,2023,Maison,14,,,,support insuffisant : 14 < 15
commune,35243,2024,Maison,12,,,,support insuffisant : 12 < 15
commune,35243,2025,Maison,13,,,,support insuffisant : 13 < 15
commune,35244,2016,Maison,1,,,,support insuffisant : 1 < 15
commune,35244,2018,Maison,2,,,,support insuffisant : 2 < 15
commune,35244,2020,Maison,1,,,,support insuffisant : 1 < 15
commune,35244,2023,Maison,1,,,,support insuffisant : 1 < 15
commune,35245,2014,Appartement,1,,,,support insuffisant : 1 < 15
commune,35245,2014,Maison,16,1555.0,1780.0,2057.0,
commune,35245,2015,Appartement,3,,,,support insuffisant : 3 < 15
commune,35245,2015,Maison,15,1595.0,1770.0,1864.0,
commune,35245,2016,Maison,22,1670.0,1910.0,2195.0,
commune,35245,2017,Appartement,1,,,,support insuffisant : 1 < 15
commune,35245,2017,Maison,15,1426.0,1903.0,2154.0,
commune,35245,2018,Appartement,1,,,,support insuffisant : 1 < 15
commune,35245,2018,Maison,19,1645.0,1906.0,2196.0,
commune,35245,2019,Appartement,1,,,,support insuffisant : 1 < 15
commune,35245,2019,Maison,28,1888.0,2100.0,2263.0,
commune,35245,2020,Appartement,1,,,,support insuffisant : 1 < 15
commune,35245,2020,Maison,19,1638.0,2074.0,2328.0,
commune,35245,2021,Appartement,2,,,,support insuffisant : 2 < 15
commune,35245,2021,Maison,26,1923.0,2183.0,2506.0,
commune,35245,2022,Appartement,1,,,,support insuffisant : 1 < 15
commune,35245,2022,Maison,27,2370.0,2622.0,2823.0,
commune,35245,2023,Appartement,1,,,,support insuffisant : 1 < 15
commune,35245,2023,Maison,18,2649.0,2875.0,3028.0,
commune,35245,2024,Appartement,1,,,,support insuffisant : 1 < 15
commune,35245,2024,Maison,15,2072.0,2609.0,2783.0,
commune,35245,2025,Maison,26,2418.0,2708.0,2849.0,
commune,35246,2014,Maison,3,,,,support insuffisant : 3 < 15
commune,35246,2015,Maison,4,,,,support insuffisant : 4 < 15
commune,35246,2016,Maison,3,,,,support insuffisant : 3 < 15
commune,35246,2017,Maison,5,,,,support insuffisant : 5 < 15
commune,35246,2018,Maison,3,,,,support insuffisant : 3 < 15
commune,35246,2019,Maison,6,,,,support insuffisant : 6 < 15
commune,35246,2020,Maison,3,,,,support insuffisant : 3 < 15
commune,35246,2021,Maison,4,,,,support insuffisant : 4 < 15
commune,35246,2022,Maison,2,,,,support insuffisant : 2 < 15
commune,35246,2023,Maison,2,,,,support insuffisant : 2 < 15
commune,35246,2024,Maison,2,,,,support insuffisant : 2 < 15
commune,35246,2025,Maison,3,,,,support insuffisant : 3 < 15
commune,35247,2014,Maison,2,,,,support insuffisant : 2 < 15
commune,35247,2015,Maison,3,,,,support insuffisant : 3 < 15
commune,35247,2016,Maison,2,,,,support insuffisant : 2 < 15
commune,35247,2017,Maison,5,,,,support insuffisant : 5 < 15
commune,35247,2018,Maison,2,,,,support insuffisant : 2 < 15
commune,35247,2019,Maison,5,,,,support insuffisant : 5 < 15
commune,35247,2020,Appartement,1,,,,support insuffisant : 1 < 15
commune,35247,2020,Maison,3,,,,support insuffisant : 3 < 15
commune,35247,2021,Appartement,1,,,,support insuffisant : 1 < 15
commune,35247,2021,Maison,7,,,,support insuffisant : 7 < 15
commune,35247,2022,Appartement,7,,,,support insuffisant : 7 < 15
commune,35247,2022,Maison,6,,,,support insuffisant : 6 < 15
commune,35247,2023,Appartement,8,,,,support insuffisant : 8 < 15
commune,35247,2023,Maison,4,,,,support insuffisant : 4 < 15
commune,35247,2024,Appartement,5,,,,support insuffisant : 5 < 15
commune,35247,2024,Maison,3,,,,support insuffisant : 3 < 15
commune,35247,2025,Maison,2,,,,support insuffisant : 2 < 15
commune,35248,2014,Maison,1,,,,support insuffisant : 1 < 15
commune,35248,2015,Maison,3,,,,support insuffisant : 3 < 15
commune,35248,2016,Maison,5,,,,support insuffisant : 5 < 15
commune,35248,2017,Maison,1,,,,support insuffisant : 1 < 15
commune,35248,2018,Maison,6,,,,support insuffisant : 6 < 15
commune,35248,2019,Maison,5,,,,support insuffisant : 5 < 15
commune,35248,2020,Maison,3,,,,support insuffisant : 3 < 15
commune,35248,2021,Maison,5,,,,support insuffisant : 5 < 15
commune,35248,2022,Maison,4,,,,support insuffisant : 4 < 15
commune,35248,2023,Maison,1,,,,support insuffisant : 1 < 15
commune,35248,2025,Maison,1,,,,support insuffisant : 1 < 15
commune,35249,2014,Maison,2,,,,support insuffisant : 2 < 15
commune,35249,2015,Maison,7,,,,support insuffisant : 7 < 15
commune,35249,2016,Maison,4,,,,support insuffisant : 4 < 15
commune,35249,2017,Maison,6,,,,support insuffisant : 6 < 15
commune,35249,2018,Maison,9,,,,support insuffisant : 9 < 15
commune,35249,2019,Maison,5,,,,support insuffisant : 5 < 15
commune,35249,2020,Maison,8,,,,support insuffisant : 8 < 15
commune,35249,2021,Maison,11,,,,support insuffisant : 11 < 15
commune,35249,2022,Maison,6,,,,support insuffisant : 6 < 15
commune,35249,2023,Maison,7,,,,support insuffisant : 7 < 15
commune,35249,2024,Maison,6,,,,support insuffisant : 6 < 15
commune,35249,2025,Maison,4,,,,support insuffisant : 4 < 15
commune,35250,2014,Maison,10,,,,support insuffisant : 10 < 15
commune,35250,2015,Maison,20,1634.0,1802.0,2014.0,
commune,35250,2016,Maison,18,1918.0,1971.0,2081.0,
commune,35250,2017,Maison,18,1769.0,2026.0,2139.0,
commune,35250,2018,Maison,17,1845.0,2011.0,2079.0,
commune,35250,2019,Maison,12,,,,support insuffisant : 12 < 15
commune,35250,2020,Maison,13,,,,support insuffisant : 13 < 15
commune,35250,2021,Maison,18,2315.0,2544.0,2772.0,
commune,35250,2022,Maison,12,,,,support insuffisant : 12 < 15
commune,35250,2023,Appartement,1,,,,support insuffisant : 1 < 15
commune,35250,2023,Maison,21,2178.0,2633.0,2857.0,
commune,35250,2024,Maison,15,2595.0,2797.0,2988.0,
commune,35250,2025,Maison,15,2348.0,2589.0,2690.0,
commune,35251,2014,Appartement,1,,,,support insuffisant : 1 < 15
commune,35251,2014,Maison,14,,,,support insuffisant : 14 < 15
commune,35251,2015,Maison,31,1493.0,1717.0,1897.0,
commune,35251,2016,Maison,29,1398.0,1882.0,2000.0,
commune,35251,2017,Appartement,1,,,,support insuffisant : 1 < 15
commune,35251,2017,Maison,27,1410.0,1736.0,1857.0,
commune,35251,2018,Appartement,2,,,,support insuffisant : 2 < 15
commune,35251,2018,Maison,36,1601.0,1914.0,2125.0,
commune,35251,2019,Appartement,9,,,,support insuffisant : 9 < 15
commune,35251,2019,Maison,28,1754.0,2000.0,2197.0,
commune,35251,2020,Appartement,5,,,,support insuffisant : 5 < 15
commune,35251,2020,Maison,28,1904.0,2196.0,2483.0,
commune,35251,2021,Appartement,2,,,,support insuffisant : 2 < 15
commune,35251,2021,Maison,29,2010.0,2198.0,2375.0,
commune,35251,2022,Appartement,2,,,,support insuffisant : 2 < 15
commune,35251,2022,Maison,29,2399.0,2594.0,2737.0,
commune,35251,2023,Appartement,2,,,,support insuffisant : 2 < 15
commune,35251,2023,Maison,23,2509.0,2848.0,2986.0,
commune,35251,2024,Maison,18,2353.0,2626.0,2783.0,
commune,35251,2025,Appartement,3,,,,support insuffisant : 3 < 15
commune,35251,2025,Maison,15,2253.0,2442.0,2738.0,
commune,35252,2014,Maison,3,,,,support insuffisant : 3 < 15
commune,35252,2015,Maison,3,,,,support insuffisant : 3 < 15
commune,35252,2016,Maison,3,,,,support insuffisant : 3 < 15
commune,35252,2017,Maison,2,,,,support insuffisant : 2 < 15
commune,35252,2018,Maison,5,,,,support insuffisant : 5 < 15
commune,35252,2019,Maison,3,,,,support insuffisant : 3 < 15
commune,35252,2020,Maison,5,,,,support insuffisant : 5 < 15
commune,35252,2021,Maison,5,,,,support insuffisant : 5 < 15
commune,35252,2022,Maison,7,,,,support insuffisant : 7 < 15
commune,35252,2023,Maison,4,,,,support insuffisant : 4 < 15
commune,35252,2024,Maison,7,,,,support insuffisant : 7 < 15
commune,35252,2025,Maison,1,,,,support insuffisant : 1 < 15
commune,35253,2014,Maison,1,,,,support insuffisant : 1 < 15
commune,35253,2015,Maison,3,,,,support insuffisant : 3 < 15
commune,35253,2016,Maison,1,,,,support insuffisant : 1 < 15
commune,35253,2017,Maison,8,,,,support insuffisant : 8 < 15
commune,35253,2018,Maison,5,,,,support insuffisant : 5 < 15
commune,35253,2019,Maison,7,,,,support insuffisant : 7 < 15
commune,35253,2020,Maison,9,,,,support insuffisant : 9 < 15
commune,35253,2021,Appartement,3,,,,support insuffisant : 3 < 15
commune,35253,2021,Maison,25,1712.0,2014.0,2353.0,
commune,35253,2022,Appartement,1,,,,support insuffisant : 1 < 15
commune,35253,2022,Maison,19,2414.0,2607.0,2929.0,
commune,35253,2023,Maison,17,2333.0,2423.0,2966.0,
commune,35253,2024,Maison,19,2196.0,2482.0,2885.0,
commune,35253,2025,Appartement,1,,,,support insuffisant : 1 < 15
commune,35253,2025,Maison,22,2209.0,2332.0,2557.0,
commune,35255,2014,Maison,6,,,,support insuffisant : 6 < 15
commune,35255,2015,Maison,6,,,,support insuffisant : 6 < 15
commune,35255,2016,Maison,6,,,,support insuffisant : 6 < 15
commune,35255,2017,Maison,10,,,,support insuffisant : 10 < 15
commune,35255,2018,Maison,4,,,,support insuffisant : 4 < 15
commune,35255,2019,Appartement,1,,,,support insuffisant : 1 < 15
commune,35255,2019,Maison,10,,,,support insuffisant : 10 < 15
commune,35255,2020,Appartement,1,,,,support insuffisant : 1 < 15
commune,35255,2020,Maison,9,,,,support insuffisant : 9 < 15
commune,35255,2021,Appartement,1,,,,support insuffisant : 1 < 15
commune,35255,2021,Maison,8,,,,support insuffisant : 8 < 15
commune,35255,2022,Maison,5,,,,support insuffisant : 5 < 15
commune,35255,2023,Maison,3,,,,support insuffisant : 3 < 15
commune,35255,2024,Appartement,2,,,,support insuffisant : 2 < 15
commune,35255,2024,Maison,2,,,,support insuffisant : 2 < 15
commune,35255,2025,Maison,8,,,,support insuffisant : 8 < 15
commune,35256,2014,Appartement,3,,,,support insuffisant : 3 < 15
commune,35256,2014,Maison,25,1957.0,2571.0,3378.0,
commune,35256,2015,Appartement,1,,,,support insuffisant : 1 < 15
commune,35256,2015,Maison,29,2164.0,2889.0,3857.0,
commune,35256,2016,Appartement,2,,,,support insuffisant : 2 < 15
commune,35256,2016,Maison,35,2391.0,3103.0,4170.0,
commune,35256,2017,Appartement,7,,,,support insuffisant : 7 < 15
commune,35256,2017,Maison,19,2672.0,2922.0,3575.0,
commune,35256,2018,Appartement,2,,,,support insuffisant : 2 < 15
commune,35256,2018,Maison,27,2817.0,3528.0,4981.0,
commune,35256,2019,Appartement,1,,,,support insuffisant : 1 < 15
commune,35256,2019,Maison,29,2727.0,3411.0,4573.0,
commune,35256,2020,Appartement,5,,,,support insuffisant : 5 < 15
commune,35256,2020,Maison,41,2616.0,3343.0,4143.0,
commune,35256,2021,Appartement,3,,,,support insuffisant : 3 < 15
commune,35256,2021,Maison,31,3508.0,5200.0,6511.0,
commune,35256,2022,Appartement,1,,,,support insuffisant : 1 < 15
commune,35256,2022,Maison,30,4549.0,5607.0,7252.0,
commune,35256,2023,Maison,14,,,,support insuffisant : 14 < 15
commune,35256,2024,Appartement,2,,,,support insuffisant : 2 < 15
commune,35256,2024,Maison,18,4035.0,6237.0,7679.0,
commune,35256,2025,Appartement,1,,,,support insuffisant : 1 < 15
commune,35256,2025,Maison,16,3921.0,4977.0,6314.0,
commune,35257,2014,Maison,16,838.0,1061.0,1476.0,
commune,35257,2015,Appartement,1,,,,support insuffisant : 1 < 15
commune,35257,2015,Maison,11,,,,support insuffisant : 11 < 15
commune,35257,2016,Appartement,1,,,,support insuffisant : 1 < 15
commune,35257,2016,Maison,17,946.0,1211.0,1387.0,
commune,35257,2017,Appartement,1,,,,support insuffisant : 1 < 15
commune,35257,2017,Maison,24,1166.0,1326.0,1541.0,
commune,35257,2018,Maison,34,884.0,1298.0,1566.0,
commune,35257,2019,Appartement,2,,,,support insuffisant : 2 < 15
commune,35257,2019,Maison,27,899.0,1370.0,1650.0,
commune,35257,2020,Appartement,2,,,,support insuffisant : 2 < 15
commune,35257,2020,Maison,32,1135.0,1543.0,1915.0,
commune,35257,2021,Appartement,2,,,,support insuffisant : 2 < 15
commune,35257,2021,Maison,31,1302.0,1591.0,1821.0,
commune,35257,2022,Maison,19,1501.0,1870.0,2331.0,
commune,35257,2023,Appartement,1,,,,support insuffisant : 1 < 15
commune,35257,2023,Maison,18,1580.0,1914.0,2296.0,
commune,35257,2024,Maison,23,1248.0,1562.0,1716.0,
commune,35257,2025,Appartement,1,,,,support insuffisant : 1 < 15
commune,35257,2025,Maison,18,1228.0,1637.0,2104.0,
commune,35258,2015,Maison,1,,,,support insuffisant : 1 < 15
commune,35258,2017,Maison,1,,,,support insuffisant : 1 < 15
commune,35258,2018,Maison,2,,,,support insuffisant : 2 < 15
commune,35258,2019,Maison,2,,,,support insuffisant : 2 < 15
commune,35258,2020,Maison,1,,,,support insuffisant : 1 < 15
commune,35258,2021,Maison,4,,,,support insuffisant : 4 < 15
commune,35258,2022,Maison,1,,,,support insuffisant : 1 < 15
commune,35258,2024,Maison,1,,,,support insuffisant : 1 < 15
commune,35259,2014,Maison,1,,,,support insuffisant : 1 < 15
commune,35259,2015,Appartement,1,,,,support insuffisant : 1 < 15
commune,35259,2015,Maison,2,,,,support insuffisant : 2 < 15
commune,35259,2016,Maison,4,,,,support insuffisant : 4 < 15
commune,35259,2017,Maison,3,,,,support insuffisant : 3 < 15
commune,35259,2018,Appartement,1,,,,support insuffisant : 1 < 15
commune,35259,2018,Maison,5,,,,support insuffisant : 5 < 15
commune,35259,2019,Maison,3,,,,support insuffisant : 3 < 15
commune,35259,2020,Appartement,2,,,,support insuffisant : 2 < 15
commune,35259,2020,Maison,6,,,,support insuffisant : 6 < 15
commune,35259,2021,Maison,6,,,,support insuffisant : 6 < 15
commune,35259,2022,Appartement,1,,,,support insuffisant : 1 < 15
commune,35259,2022,Maison,3,,,,support insuffisant : 3 < 15
commune,35259,2023,Maison,2,,,,support insuffisant : 2 < 15
commune,35259,2024,Appartement,1,,,,support insuffisant : 1 < 15
commune,35259,2024,Maison,5,,,,support insuffisant : 5 < 15
commune,35259,2025,Maison,1,,,,support insuffisant : 1 < 15
commune,35260,2014,Maison,3,,,,support insuffisant : 3 < 15
commune,35260,2015,Maison,5,,,,support insuffisant : 5 < 15
commune,35260,2016,Maison,10,,,,support insuffisant : 10 < 15
commune,35260,2017,Maison,3,,,,support insuffisant : 3 < 15
commune,35260,2018,Maison,7,,,,support insuffisant : 7 < 15
commune,35260,2019,Maison,5,,,,support insuffisant : 5 < 15
commune,35260,2020,Maison,9,,,,support insuffisant : 9 < 15
commune,35260,2021,Maison,5,,,,support insuffisant : 5 < 15
commune,35260,2022,Maison,5,,,,support insuffisant : 5 < 15
commune,35260,2023,Maison,11,,,,support insuffisant : 11 < 15
commune,35260,2024,Maison,5,,,,support insuffisant : 5 < 15
commune,35260,2025,Maison,9,,,,support insuffisant : 9 < 15
commune,35261,2015,Maison,1,,,,support insuffisant : 1 < 15
commune,35261,2017,Maison,2,,,,support insuffisant : 2 < 15
commune,35261,2025,Maison,3,,,,support insuffisant : 3 < 15
commune,35262,2014,Maison,1,,,,support insuffisant : 1 < 15
commune,35262,2016,Maison,1,,,,support insuffisant : 1 < 15
commune,35262,2017,Maison,1,,,,support insuffisant : 1 < 15
commune,35262,2018,Maison,1,,,,support insuffisant : 1 < 15
commune,35262,2019,Maison,2,,,,support insuffisant : 2 < 15
commune,35262,2020,Maison,1,,,,support insuffisant : 1 < 15
commune,35262,2022,Maison,2,,,,support insuffisant : 2 < 15
commune,35262,2024,Maison,1,,,,support insuffisant : 1 < 15
commune,35262,2025,Maison,1,,,,support insuffisant : 1 < 15
commune,35263,2014,Maison,21,1767.0,2064.0,2450.0,
commune,35263,2015,Maison,18,1560.0,1884.0,2309.0,
commune,35263,2016,Maison,20,1752.0,2119.0,2371.0,
commune,35263,2017,Appartement,1,,,,support insuffisant : 1 < 15
commune,35263,2017,Maison,21,2000.0,2273.0,2467.0,
commune,35263,2018,Maison,14,,,,support insuffisant : 14 < 15
commune,35263,2019,Maison,25,1974.0,2371.0,2903.0,
commune,35263,2020,Maison,20,2655.0,2967.0,3487.0,
commune,35263,2021,Maison,27,2698.0,3401.0,4007.0,
commune,35263,2022,Maison,16,3330.0,3719.0,3941.0,
commune,35263,2023,Maison,13,,,,support insuffisant : 13 < 15
commune,35263,2024,Maison,16,3608.0,4562.0,5122.0,
commune,35263,2025,Maison,16,2792.0,3077.0,4445.0,
commune,35264,2014,Appartement,1,,,,support insuffisant : 1 < 15
commune,35264,2014,Maison,6,,,,support insuffisant : 6 < 15
commune,35264,2015,Maison,12,,,,support insuffisant : 12 < 15
commune,35264,2016,Appartement,1,,,,support insuffisant : 1 < 15
commune,35264,2016,Maison,11,,,,support insuffisant : 11 < 15
commune,35264,2017,Maison,18,1733.0,1914.0,2084.0,
commune,35264,2018,Appartement,1,,,,support insuffisant : 1 < 15
commune,35264,2018,Maison,3,,,,support insuffisant : 3 < 15
commune,35264,2019,Maison,12,,,,support insuffisant : 12 < 15
commune,35264,2020,Appartement,1,,,,support insuffisant : 1 < 15
commune,35264,2020,Maison,10,,,,support insuffisant : 10 < 15
commune,35264,2021,Maison,14,,,,support insuffisant : 14 < 15
commune,35264,2022,Maison,7,,,,support insuffisant : 7 < 15
commune,35264,2023,Maison,8,,,,support insuffisant : 8 < 15
commune,35264,2024,Maison,6,,,,support insuffisant : 6 < 15
commune,35264,2025,Maison,6,,,,support insuffisant : 6 < 15
commune,35265,2014,Appartement,1,,,,support insuffisant : 1 < 15
commune,35265,2014,Maison,7,,,,support insuffisant : 7 < 15
commune,35265,2015,Appartement,2,,,,support insuffisant : 2 < 15
commune,35265,2015,Maison,11,,,,support insuffisant : 11 < 15
commune,35265,2016,Appartement,1,,,,support insuffisant : 1 < 15
commune,35265,2016,Maison,15,1257.0,1682.0,1870.0,
commune,35265,2017,Appartement,1,,,,support insuffisant : 1 < 15
commune,35265,2017,Maison,12,,,,support insuffisant : 12 < 15
commune,35265,2018,Maison,14,,,,support insuffisant : 14 < 15
commune,35265,2019,Appartement,1,,,,support insuffisant : 1 < 15
commune,35265,2019,Maison,19,1245.0,1544.0,1926.0,
commune,35265,2020,Maison,13,,,,support insuffisant : 13 < 15
commune,35265,2021,Appartement,1,,,,support insuffisant : 1 < 15
commune,35265,2021,Maison,14,,,,support insuffisant : 14 < 15
commune,35265,2022,Appartement,2,,,,support insuffisant : 2 < 15
commune,35265,2022,Maison,9,,,,support insuffisant : 9 < 15
commune,35265,2023,Appartement,2,,,,support insuffisant : 2 < 15
commune,35265,2023,Maison,10,,,,support insuffisant : 10 < 15
commune,35265,2024,Maison,11,,,,support insuffisant : 11 < 15
commune,35265,2025,Maison,7,,,,support insuffisant : 7 < 15
commune,35266,2014,Appartement,2,,,,support insuffisant : 2 < 15
commune,35266,2014,Maison,7,,,,support insuffisant : 7 < 15
commune,35266,2015,Appartement,4,,,,support insuffisant : 4 < 15
commune,35266,2015,Maison,10,,,,support insuffisant : 10 < 15
commune,35266,2016,Appartement,1,,,,support insuffisant : 1 < 15
commune,35266,2016,Maison,17,1989.0,2088.0,2298.0,
commune,35266,2017,Appartement,6,,,,support insuffisant : 6 < 15
commune,35266,2017,Maison,17,1882.0,2177.0,2299.0,
commune,35266,2018,Appartement,3,,,,support insuffisant : 3 < 15
commune,35266,2018,Maison,19,1967.0,2111.0,2261.0,
commune,35266,2019,Appartement,3,,,,support insuffisant : 3 < 15
commune,35266,2019,Maison,26,2049.0,2283.0,2527.0,
commune,35266,2020,Appartement,3,,,,support insuffisant : 3 < 15
commune,35266,2020,Maison,23,2024.0,2394.0,2608.0,
commune,35266,2021,Appartement,10,,,,support insuffisant : 10 < 15
commune,35266,2021,Maison,29,2273.0,2574.0,2843.0,
commune,35266,2022,Appartement,4,,,,support insuffisant : 4 < 15
commune,35266,2022,Maison,25,2709.0,2959.0,3333.0,
commune,35266,2023,Appartement,2,,,,support insuffisant : 2 < 15
commune,35266,2023,Maison,20,2521.0,2892.0,3121.0,
commune,35266,2024,Maison,12,,,,support insuffisant : 12 < 15
commune,35266,2025,Appartement,1,,,,support insuffisant : 1 < 15
commune,35266,2025,Maison,20,2725.0,2999.0,3145.0,
commune,35268,2014,Maison,2,,,,support insuffisant : 2 < 15
commune,35268,2015,Maison,1,,,,support insuffisant : 1 < 15
commune,35268,2016,Maison,1,,,,support insuffisant : 1 < 15
commune,35268,2017,Maison,1,,,,support insuffisant : 1 < 15
commune,35268,2018,Maison,1,,,,support insuffisant : 1 < 15
commune,35268,2019,Maison,1,,,,support insuffisant : 1 < 15
commune,35268,2020,Maison,3,,,,support insuffisant : 3 < 15
commune,35268,2021,Maison,1,,,,support insuffisant : 1 < 15
commune,35268,2022,Maison,1,,,,support insuffisant : 1 < 15
commune,35268,2023,Maison,1,,,,support insuffisant : 1 < 15
commune,35268,2025,Maison,2,,,,support insuffisant : 2 < 15
commune,35270,2015,Maison,1,,,,support insuffisant : 1 < 15
commune,35270,2016,Maison,1,,,,support insuffisant : 1 < 15
commune,35270,2017,Maison,2,,,,support insuffisant : 2 < 15
commune,35270,2018,Maison,1,,,,support insuffisant : 1 < 15
commune,35270,2019,Maison,4,,,,support insuffisant : 4 < 15
commune,35270,2021,Maison,2,,,,support insuffisant : 2 < 15
commune,35270,2025,Maison,1,,,,support insuffisant : 1 < 15
commune,35271,2014,Maison,2,,,,support insuffisant : 2 < 15
commune,35271,2016,Maison,1,,,,support insuffisant : 1 < 15
commune,35271,2017,Maison,3,,,,support insuffisant : 3 < 15
commune,35271,2018,Maison,5,,,,support insuffisant : 5 < 15
commune,35271,2020,Maison,2,,,,support insuffisant : 2 < 15
commune,35271,2021,Maison,6,,,,support insuffisant : 6 < 15
commune,35271,2022,Maison,7,,,,support insuffisant : 7 < 15
commune,35271,2023,Maison,5,,,,support insuffisant : 5 < 15
commune,35271,2024,Maison,6,,,,support insuffisant : 6 < 15
commune,35271,2025,Maison,6,,,,support insuffisant : 6 < 15
commune,35272,2014,Maison,3,,,,support insuffisant : 3 < 15
commune,35272,2015,Maison,2,,,,support insuffisant : 2 < 15
commune,35272,2016,Maison,1,,,,support insuffisant : 1 < 15
commune,35272,2017,Maison,8,,,,support insuffisant : 8 < 15
commune,35272,2018,Maison,7,,,,support insuffisant : 7 < 15
commune,35272,2019,Maison,2,,,,support insuffisant : 2 < 15
commune,35272,2020,Maison,6,,,,support insuffisant : 6 < 15
commune,35272,2021,Appartement,1,,,,support insuffisant : 1 < 15
commune,35272,2021,Maison,5,,,,support insuffisant : 5 < 15
commune,35272,2022,Maison,5,,,,support insuffisant : 5 < 15
commune,35272,2023,Maison,6,,,,support insuffisant : 6 < 15
commune,35272,2024,Maison,5,,,,support insuffisant : 5 < 15
commune,35272,2025,Maison,3,,,,support insuffisant : 3 < 15
commune,35273,2014,Maison,7,,,,support insuffisant : 7 < 15
commune,35273,2015,Maison,6,,,,support insuffisant : 6 < 15
commune,35273,2016,Maison,4,,,,support insuffisant : 4 < 15
commune,35273,2017,Maison,9,,,,support insuffisant : 9 < 15
commune,35273,2018,Maison,8,,,,support insuffisant : 8 < 15
commune,35273,2019,Maison,16,894.0,1375.0,1607.0,
commune,35273,2020,Maison,15,1032.0,1363.0,1701.0,
commune,35273,2021,Maison,12,,,,support insuffisant : 12 < 15
commune,35273,2022,Maison,10,,,,support insuffisant : 10 < 15
commune,35273,2023,Maison,8,,,,support insuffisant : 8 < 15
commune,35273,2024,Maison,5,,,,support insuffisant : 5 < 15
commune,35273,2025,Maison,7,,,,support insuffisant : 7 < 15
commune,35274,2014,Maison,3,,,,support insuffisant : 3 < 15
commune,35274,2015,Maison,9,,,,support insuffisant : 9 < 15
commune,35274,2016,Maison,5,,,,support insuffisant : 5 < 15
commune,35274,2017,Maison,5,,,,support insuffisant : 5 < 15
commune,35274,2018,Maison,9,,,,support insuffisant : 9 < 15
commune,35274,2019,Maison,7,,,,support insuffisant : 7 < 15
commune,35274,2020,Maison,8,,,,support insuffisant : 8 < 15
commune,35274,2021,Maison,3,,,,support insuffisant : 3 < 15
commune,35274,2022,Maison,4,,,,support insuffisant : 4 < 15
commune,35274,2023,Maison,5,,,,support insuffisant : 5 < 15
commune,35274,2024,Appartement,1,,,,support insuffisant : 1 < 15
commune,35274,2024,Maison,3,,,,support insuffisant : 3 < 15
commune,35274,2025,Maison,5,,,,support insuffisant : 5 < 15
commune,35275,2014,Appartement,1,,,,support insuffisant : 1 < 15
commune,35275,2014,Maison,21,1908.0,2024.0,2198.0,
commune,35275,2015,Maison,23,2070.0,2265.0,2648.0,
commune,35275,2016,Maison,17,1842.0,2079.0,2480.0,
commune,35275,2017,Appartement,2,,,,support insuffisant : 2 < 15
commune,35275,2017,Maison,36,1970.0,2295.0,2568.0,
commune,35275,2018,Maison,25,1874.0,2103.0,2485.0,
commune,35275,2019,Maison,32,2140.0,2524.0,2695.0,
commune,35275,2020,Maison,30,2436.0,2565.0,2789.0,
commune,35275,2021,Appartement,2,,,,support insuffisant : 2 < 15
commune,35275,2021,Maison,36,2425.0,2737.0,2939.0,
commune,35275,2022,Maison,26,2876.0,3015.0,3196.0,
commune,35275,2023,Appartement,1,,,,support insuffisant : 1 < 15
commune,35275,2023,Maison,21,2750.0,2989.0,3400.0,
commune,35275,2024,Maison,16,2575.0,2740.0,2956.0,
commune,35275,2025,Appartement,1,,,,support insuffisant : 1 < 15
commune,35275,2025,Maison,24,2524.0,2938.0,3062.0,
commune,35276,2014,Maison,1,,,,support insuffisant : 1 < 15
commune,35276,2015,Maison,4,,,,support insuffisant : 4 < 15
commune,35276,2016,Maison,2,,,,support insuffisant : 2 < 15
commune,35276,2017,Maison,3,,,,support insuffisant : 3 < 15
commune,35276,2018,Maison,3,,,,support insuffisant : 3 < 15
commune,35276,2019,Maison,6,,,,support insuffisant : 6 < 15
commune,35276,2020,Maison,3,,,,support insuffisant : 3 < 15
commune,35276,2021,Maison,4,,,,support insuffisant : 4 < 15
commune,35276,2022,Maison,3,,,,support insuffisant : 3 < 15
commune,35276,2023,Maison,2,,,,support insuffisant : 2 < 15
commune,35276,2024,Maison,2,,,,support insuffisant : 2 < 15
commune,35276,2025,Maison,4,,,,support insuffisant : 4 < 15
commune,35277,2014,Maison,1,,,,support insuffisant : 1 < 15
commune,35277,2016,Maison,1,,,,support insuffisant : 1 < 15
commune,35277,2018,Maison,2,,,,support insuffisant : 2 < 15
commune,35277,2021,Maison,2,,,,support insuffisant : 2 < 15
commune,35277,2022,Maison,2,,,,support insuffisant : 2 < 15
commune,35277,2024,Maison,2,,,,support insuffisant : 2 < 15
commune,35278,2014,Maison,41,2512.0,2756.0,3111.0,
commune,35278,2015,Appartement,1,,,,support insuffisant : 1 < 15
commune,35278,2015,Maison,63,2424.0,2750.0,3146.0,
commune,35278,2016,Appartement,1,,,,support insuffisant : 1 < 15
commune,35278,2016,Maison,57,2375.0,2772.0,3035.0,
commune,35278,2017,Appartement,1,,,,support insuffisant : 1 < 15
commune,35278,2017,Maison,62,2543.0,3014.0,3329.0,
commune,35278,2018,Maison,60,2711.0,2945.0,3361.0,
commune,35278,2019,Maison,68,3038.0,3258.0,3692.0,
commune,35278,2020,Appartement,2,,,,support insuffisant : 2 < 15
commune,35278,2020,Maison,63,3151.0,3505.0,3826.0,
commune,35278,2021,Appartement,2,,,,support insuffisant : 2 < 15
commune,35278,2021,Maison,58,3244.0,3758.0,4254.0,
commune,35278,2022,Appartement,4,,,,support insuffisant : 4 < 15
commune,35278,2022,Maison,48,3527.0,3965.0,4752.0,
commune,35278,2023,Maison,35,3688.0,4255.0,4843.0,
commune,35278,2024,Appartement,1,,,,support insuffisant : 1 < 15
commune,35278,2024,Maison,31,3278.0,3873.0,4149.0,
commune,35278,2025,Appartement,1,,,,support insuffisant : 1 < 15
commune,35278,2025,Maison,45,3502.0,4000.0,4299.0,
commune,35279,2014,Maison,3,,,,support insuffisant : 3 < 15
commune,35279,2015,Maison,7,,,,support insuffisant : 7 < 15
commune,35279,2016,Maison,10,,,,support insuffisant : 10 < 15
commune,35279,2017,Maison,8,,,,support insuffisant : 8 < 15
commune,35279,2018,Maison,4,,,,support insuffisant : 4 < 15
commune,35279,2019,Maison,10,,,,support insuffisant : 10 < 15
commune,35279,2020,Maison,13,,,,support insuffisant : 13 < 15
commune,35279,2021,Maison,9,,,,support insuffisant : 9 < 15
commune,35279,2022,Maison,3,,,,support insuffisant : 3 < 15
commune,35279,2023,Maison,7,,,,support insuffisant : 7 < 15
commune,35279,2024,Maison,6,,,,support insuffisant : 6 < 15
commune,35279,2025,Appartement,1,,,,support insuffisant : 1 < 15
commune,35279,2025,Maison,1,,,,support insuffisant : 1 < 15
commune,35280,2016,Maison,7,,,,support insuffisant : 7 < 15
commune,35280,2017,Maison,5,,,,support insuffisant : 5 < 15
commune,35280,2018,Maison,5,,,,support insuffisant : 5 < 15
commune,35280,2019,Maison,3,,,,support insuffisant : 3 < 15
commune,35280,2020,Maison,6,,,,support insuffisant : 6 < 15
commune,35280,2021,Maison,4,,,,support insuffisant : 4 < 15
commune,35280,2022,Maison,4,,,,support insuffisant : 4 < 15
commune,35280,2023,Maison,3,,,,support insuffisant : 3 < 15
commune,35280,2024,Maison,4,,,,support insuffisant : 4 < 15
commune,35280,2025,Maison,3,,,,support insuffisant : 3 < 15
commune,35281,2014,Appartement,2,,,,support insuffisant : 2 < 15
commune,35281,2014,Maison,40,2192.0,2513.0,2894.0,
commune,35281,2015,Appartement,4,,,,support insuffisant : 4 < 15
commune,35281,2015,Maison,31,2292.0,2662.0,3055.0,
commune,35281,2016,Appartement,14,,,,support insuffisant : 14 < 15
commune,35281,2016,Maison,43,2221.0,2405.0,2955.0,
commune,35281,2017,Appartement,19,1699.0,1842.0,2155.0,
commune,35281,2017,Maison,48,2231.0,2477.0,2779.0,
commune,35281,2018,Appartement,24,1705.0,1894.0,2204.0,
commune,35281,2018,Maison,52,2210.0,2455.0,3058.0,
commune,35281,2019,Appartement,18,1969.0,2273.0,2348.0,
commune,35281,2019,Maison,50,2478.0,2731.0,3706.0,
commune,35281,2020,Appartement,11,,,,support insuffisant : 11 < 15
commune,35281,2020,Maison,44,2646.0,2911.0,3843.0,
commune,35281,2021,Appartement,10,,,,support insuffisant : 10 < 15
commune,35281,2021,Maison,52,2522.0,3201.0,3770.0,
commune,35281,2022,Appartement,6,,,,support insuffisant : 6 < 15
commune,35281,2022,Maison,34,2913.0,3332.0,3877.0,
commune,35281,2023,Appartement,5,,,,support insuffisant : 5 < 15
commune,35281,2023,Maison,19,2724.0,3239.0,3726.0,
commune,35281,2024,Appartement,10,,,,support insuffisant : 10 < 15
commune,35281,2024,Maison,24,2874.0,3286.0,3780.0,
commune,35281,2025,Appartement,6,,,,support insuffisant : 6 < 15
commune,35281,2025,Maison,17,2541.0,2703.0,2988.0,
commune,35282,2014,Maison,4,,,,support insuffisant : 4 < 15
commune,35282,2015,Maison,9,,,,support insuffisant : 9 < 15
commune,35282,2016,Maison,7,,,,support insuffisant : 7 < 15
commune,35282,2017,Maison,5,,,,support insuffisant : 5 < 15
commune,35282,2018,Maison,9,,,,support insuffisant : 9 < 15
commune,35282,2019,Maison,17,929.0,1596.0,1811.0,
commune,35282,2020,Maison,13,,,,support insuffisant : 13 < 15
commune,35282,2021,Maison,16,1437.0,1648.0,1977.0,
commune,35282,2022,Maison,12,,,,support insuffisant : 12 < 15
commune,35282,2023,Maison,20,1375.0,1898.0,1945.0,
commune,35282,2024,Maison,9,,,,support insuffisant : 9 < 15
commune,35282,2025,Maison,11,,,,support insuffisant : 11 < 15
commune,35283,2014,Maison,10,,,,support insuffisant : 10 < 15
commune,35283,2015,Maison,4,,,,support insuffisant : 4 < 15
commune,35283,2016,Maison,9,,,,support insuffisant : 9 < 15
commune,35283,2017,Maison,2,,,,support insuffisant : 2 < 15
commune,35283,2018,Maison,7,,,,support insuffisant : 7 < 15
commune,35283,2019,Maison,12,,,,support insuffisant : 12 < 15
commune,35283,2020,Maison,19,1739.0,2023.0,2212.0,
commune,35283,2021,Maison,8,,,,support insuffisant : 8 < 15
commune,35283,2022,Maison,8,,,,support insuffisant : 8 < 15
commune,35283,2023,Maison,3,,,,support insuffisant : 3 < 15
commune,35283,2024,Maison,5,,,,support insuffisant : 5 < 15
commune,35283,2025,Maison,9,,,,support insuffisant : 9 < 15
commune,35284,2014,Appartement,1,,,,support insuffisant : 1 < 15
commune,35284,2014,Maison,13,,,,support insuffisant : 13 < 15
commune,35284,2015,Appartement,1,,,,support insuffisant : 1 < 15
commune,35284,2015,Maison,13,,,,support insuffisant : 13 < 15
commune,35284,2016,Maison,10,,,,support insuffisant : 10 < 15
commune,35284,2017,Appartement,1,,,,support insuffisant : 1 < 15
commune,35284,2017,Maison,22,1997.0,2137.0,2384.0,
commune,35284,2018,Maison,21,2043.0,2450.0,2673.0,
commune,35284,2019,Appartement,2,,,,support insuffisant : 2 < 15
commune,35284,2019,Maison,18,2137.0,2542.0,2962.0,
commune,35284,2020,Appartement,1,,,,support insuffisant : 1 < 15
commune,35284,2020,Maison,21,2057.0,2650.0,3232.0,
commune,35284,2021,Appartement,2,,,,support insuffisant : 2 < 15
commune,35284,2021,Maison,14,,,,support insuffisant : 14 < 15
commune,35284,2022,Maison,13,,,,support insuffisant : 13 < 15
commune,35284,2023,Maison,11,,,,support insuffisant : 11 < 15
commune,35284,2024,Appartement,1,,,,support insuffisant : 1 < 15
commune,35284,2024,Maison,13,,,,support insuffisant : 13 < 15
commune,35284,2025,Maison,16,2803.0,3369.0,3805.0,
commune,35285,2014,Maison,7,,,,support insuffisant : 7 < 15
commune,35285,2015,Maison,2,,,,support insuffisant : 2 < 15
commune,35285,2016,Maison,4,,,,support insuffisant : 4 < 15
commune,35285,2017,Maison,2,,,,support insuffisant : 2 < 15
commune,35285,2019,Maison,3,,,,support insuffisant : 3 < 15
commune,35285,2020,Maison,3,,,,support insuffisant : 3 < 15
commune,35285,2021,Maison,3,,,,support insuffisant : 3 < 15
commune,35285,2022,Maison,4,,,,support insuffisant : 4 < 15
commune,35285,2023,Maison,1,,,,support insuffisant : 1 < 15
commune,35285,2024,Maison,6,,,,support insuffisant : 6 < 15
commune,35285,2025,Maison,1,,,,support insuffisant : 1 < 15
commune,35286,2016,Maison,3,,,,support insuffisant : 3 < 15
commune,35286,2017,Maison,1,,,,support insuffisant : 1 < 15
commune,35286,2020,Maison,1,,,,support insuffisant : 1 < 15
commune,35286,2022,Maison,3,,,,support insuffisant : 3 < 15
commune,35286,2025,Maison,1,,,,support insuffisant : 1 < 15
commune,35287,2014,Appartement,6,,,,support insuffisant : 6 < 15
commune,35287,2014,Maison,17,1667.0,2422.0,3136.0,
commune,35287,2015,Appartement,2,,,,support insuffisant : 2 < 15
commune,35287,2015,Maison,20,2569.0,3600.0,4433.0,
commune,35287,2016,Appartement,4,,,,support insuffisant : 4 < 15
commune,35287,2016,Maison,30,1848.0,2625.0,3442.0,
commune,35287,2017,Appartement,8,,,,support insuffisant : 8 < 15
commune,35287,2017,Maison,29,2824.0,3095.0,4107.0,
commune,35287,2018,Appartement,9,,,,support insuffisant : 9 < 15
commune,35287,2018,Maison,39,2112.0,2760.0,4024.0,
commune,35287,2019,Appartement,4,,,,support insuffisant : 4 < 15
commune,35287,2019,Maison,29,2664.0,3378.0,4369.0,
commune,35287,2020,Appartement,5,,,,support insuffisant : 5 < 15
commune,35287,2020,Maison,27,2812.0,3640.0,4792.0,
commune,35287,2021,Appartement,2,,,,support insuffisant : 2 < 15
commune,35287,2021,Maison,19,2955.0,3958.0,5990.0,
commune,35287,2022,Appartement,3,,,,support insuffisant : 3 < 15
commune,35287,2022,Maison,17,3363.0,4245.0,7738.0,
commune,35287,2023,Appartement,7,,,,support insuffisant : 7 < 15
commune,35287,2023,Maison,15,4297.0,5435.0,6561.0,
commune,35287,2024,Appartement,5,,,,support insuffisant : 5 < 15
commune,35287,2024,Maison,20,3521.0,4771.0,5737.0,
commune,35287,2025,Appartement,5,,,,support insuffisant : 5 < 15
commune,35287,2025,Maison,22,3675.0,4494.0,6923.0,
commune,35288,2014,Appartement,211,1884.0,2429.0,3132.0,
commune,35288,2014,Maison,197,2203.0,2709.0,3268.0,
commune,35288,2015,Appartement,238,2023.0,2500.0,2955.0,
commune,35288,2015,Maison,236,2043.0,2453.0,3107.0,
commune,35288,2016,Appartement,300,2025.0,2637.0,3333.0,
commune,35288,2016,Maison,268,2261.0,2725.0,3382.0,
commune,35288,2017,Appartement,298,2259.0,2922.0,3673.0,
commune,35288,2017,Maison,301,2310.0,2803.0,3663.0,
commune,35288,2018,Appartement,298,2438.0,3127.0,4089.0,
commune,35288,2018,Maison,276,2500.0,3064.0,3833.0,
commune,35288,2019,Appartement,363,2700.0,3410.0,4344.0,
commune,35288,2019,Maison,291,2771.0,3409.0,4280.0,
commune,35288,2020,Appartement,315,3013.0,3750.0,4444.0,
commune,35288,2020,Maison,281,2964.0,3879.0,4688.0,
commune,35288,2021,Appartement,187,3602.0,4375.0,5323.0,
commune,35288,2021,Maison,221,3135.0,3958.0,4941.0,
commune,35288,2022,Appartement,118,3986.0,4686.0,5671.0,
commune,35288,2022,Maison,186,3617.0,4487.0,5716.0,
commune,35288,2023,Appartement,78,4000.0,4698.0,5445.0,
commune,35288,2023,Maison,119,3863.0,4938.0,6243.0,
commune,35288,2024,Appartement,89,3694.0,4688.0,5682.0,
commune,35288,2024,Maison,134,3644.0,4405.0,5616.0,
commune,35288,2025,Appartement,86,3846.0,4452.0,5682.0,
commune,35288,2025,Maison,146,3837.0,4430.0,5465.0,
commune,35289,2014,Maison,7,,,,support insuffisant : 7 < 15
commune,35289,2015,Maison,6,,,,support insuffisant : 6 < 15
commune,35289,2016,Maison,5,,,,support insuffisant : 5 < 15
commune,35289,2017,Maison,6,,,,support insuffisant : 6 < 15
commune,35289,2018,Maison,5,,,,support insuffisant : 5 < 15
commune,35289,2019,Maison,6,,,,support insuffisant : 6 < 15
commune,35289,2020,Maison,7,,,,support insuffisant : 7 < 15
commune,35289,2021,Maison,11,,,,support insuffisant : 11 < 15
commune,35289,2022,Maison,3,,,,support insuffisant : 3 < 15
commune,35289,2023,Maison,4,,,,support insuffisant : 4 < 15
commune,35289,2024,Appartement,1,,,,support insuffisant : 1 < 15
commune,35289,2024,Maison,1,,,,support insuffisant : 1 < 15
commune,35289,2025,Maison,1,,,,support insuffisant : 1 < 15
commune,35290,2014,Maison,1,,,,support insuffisant : 1 < 15
commune,35290,2015,Maison,6,,,,support insuffisant : 6 < 15
commune,35290,2016,Maison,2,,,,support insuffisant : 2 < 15
commune,35290,2017,Maison,1,,,,support insuffisant : 1 < 15
commune,35290,2018,Maison,1,,,,support insuffisant : 1 < 15
commune,35290,2019,Maison,2,,,,support insuffisant : 2 < 15
commune,35290,2020,Appartement,1,,,,support insuffisant : 1 < 15
commune,35290,2020,Maison,1,,,,support insuffisant : 1 < 15
commune,35290,2021,Maison,3,,,,support insuffisant : 3 < 15
commune,35290,2022,Maison,1,,,,support insuffisant : 1 < 15
commune,35290,2023,Maison,3,,,,support insuffisant : 3 < 15
commune,35290,2024,Maison,1,,,,support insuffisant : 1 < 15
commune,35290,2025,Maison,3,,,,support insuffisant : 3 < 15
commune,35291,2015,Maison,1,,,,support insuffisant : 1 < 15
commune,35291,2016,Maison,2,,,,support insuffisant : 2 < 15
commune,35291,2018,Maison,3,,,,support insuffisant : 3 < 15
commune,35291,2019,Maison,2,,,,support insuffisant : 2 < 15
commune,35291,2021,Maison,1,,,,support insuffisant : 1 < 15
commune,35291,2022,Maison,1,,,,support insuffisant : 1 < 15
commune,35291,2024,Maison,1,,,,support insuffisant : 1 < 15
commune,35292,2015,Maison,9,,,,support insuffisant : 9 < 15
commune,35292,2016,Maison,11,,,,support insuffisant : 11 < 15
commune,35292,2017,Maison,4,,,,support insuffisant : 4 < 15
commune,35292,2018,Maison,10,,,,support insuffisant : 10 < 15
commune,35292,2019,Maison,8,,,,support insuffisant : 8 < 15
commune,35292,2020,Maison,12,,,,support insuffisant : 12 < 15
commune,35292,2021,Maison,12,,,,support insuffisant : 12 < 15
commune,35292,2022,Maison,12,,,,support insuffisant : 12 < 15
commune,35292,2023,Maison,9,,,,support insuffisant : 9 < 15
commune,35292,2024,Maison,7,,,,support insuffisant : 7 < 15
commune,35292,2025,Maison,5,,,,support insuffisant : 5 < 15
commune,35294,2014,Maison,5,,,,support insuffisant : 5 < 15
commune,35294,2015,Maison,14,,,,support insuffisant : 14 < 15
commune,35294,2016,Maison,12,,,,support insuffisant : 12 < 15
commune,35294,2017,Maison,18,1118.0,1295.0,1469.0,
commune,35294,2018,Maison,11,,,,support insuffisant : 11 < 15
commune,35294,2019,Maison,17,1142.0,1446.0,1613.0,
commune,35294,2020,Maison,9,,,,support insuffisant : 9 < 15
commune,35294,2021,Maison,15,1160.0,1462.0,1736.0,
commune,35294,2022,Maison,8,,,,support insuffisant : 8 < 15
commune,35294,2023,Maison,6,,,,support insuffisant : 6 < 15
commune,35294,2024,Maison,6,,,,support insuffisant : 6 < 15
commune,35294,2025,Maison,5,,,,support insuffisant : 5 < 15
commune,35295,2014,Maison,3,,,,support insuffisant : 3 < 15
commune,35295,2015,Maison,3,,,,support insuffisant : 3 < 15
commune,35295,2016,Maison,7,,,,support insuffisant : 7 < 15
commune,35295,2017,Maison,2,,,,support insuffisant : 2 < 15
commune,35295,2018,Maison,3,,,,support insuffisant : 3 < 15
commune,35295,2019,Appartement,1,,,,support insuffisant : 1 < 15
commune,35295,2019,Maison,1,,,,support insuffisant : 1 < 15
commune,35295,2020,Maison,2,,,,support insuffisant : 2 < 15
commune,35295,2021,Maison,2,,,,support insuffisant : 2 < 15
commune,35295,2023,Maison,2,,,,support insuffisant : 2 < 15
commune,35295,2024,Maison,1,,,,support insuffisant : 1 < 15
commune,35295,2025,Appartement,1,,,,support insuffisant : 1 < 15
commune,35295,2025,Maison,3,,,,support insuffisant : 3 < 15
commune,35296,2014,Maison,4,,,,support insuffisant : 4 < 15
commune,35296,2015,Maison,6,,,,support insuffisant : 6 < 15
commune,35296,2016,Maison,3,,,,support insuffisant : 3 < 15
commune,35296,2017,Maison,8,,,,support insuffisant : 8 < 15
commune,35296,2018,Maison,5,,,,support insuffisant : 5 < 15
commune,35296,2019,Maison,10,,,,support insuffisant : 10 < 15
commune,35296,2020,Maison,12,,,,support insuffisant : 12 < 15
commune,35296,2021,Maison,11,,,,support insuffisant : 11 < 15
commune,35296,2022,Maison,9,,,,support insuffisant : 9 < 15
commune,35296,2023,Maison,7,,,,support insuffisant : 7 < 15
commune,35296,2024,Maison,5,,,,support insuffisant : 5 < 15
commune,35296,2025,Maison,3,,,,support insuffisant : 3 < 15
commune,35297,2014,Appartement,3,,,,support insuffisant : 3 < 15
commune,35297,2014,Maison,23,1245.0,1517.0,1679.0,
commune,35297,2015,Appartement,3,,,,support insuffisant : 3 < 15
commune,35297,2015,Maison,23,1000.0,1228.0,1349.0,
commune,35297,2016,Maison,26,1207.0,1408.0,1586.0,
commune,35297,2017,Maison,28,1129.0,1289.0,1600.0,
commune,35297,2018,Appartement,3,,,,support insuffisant : 3 < 15
commune,35297,2018,Maison,28,1155.0,1380.0,1526.0,
commune,35297,2019,Appartement,2,,,,support insuffisant : 2 < 15
commune,35297,2019,Maison,27,1200.0,1391.0,1503.0,
commune,35297,2020,Maison,33,920.0,1406.0,1681.0,
commune,35297,2021,Appartement,2,,,,support insuffisant : 2 < 15
commune,35297,2021,Maison,40,1160.0,1589.0,1883.0,
commune,35297,2022,Maison,20,1510.0,1849.0,2416.0,
commune,35297,2023,Appartement,1,,,,support insuffisant : 1 < 15
commune,35297,2023,Maison,16,983.0,1649.0,1979.0,
commune,35297,2024,Appartement,1,,,,support insuffisant : 1 < 15
commune,35297,2024,Maison,21,1311.0,1678.0,2042.0,
commune,35297,2025,Appartement,4,,,,support insuffisant : 4 < 15
commune,35297,2025,Maison,24,1138.0,1829.0,2152.0,
commune,35299,2014,Appartement,1,,,,support insuffisant : 1 < 15
commune,35299,2014,Maison,13,,,,support insuffisant : 13 < 15
commune,35299,2015,Appartement,3,,,,support insuffisant : 3 < 15
commune,35299,2015,Maison,27,1675.0,1984.0,2187.0,
commune,35299,2016,Appartement,1,,,,support insuffisant : 1 < 15
commune,35299,2016,Maison,26,1788.0,1947.0,2264.0,
commune,35299,2017,Appartement,5,,,,support insuffisant : 5 < 15
commune,35299,2017,Maison,32,1827.0,2009.0,2333.0,
commune,35299,2018,Appartement,1,,,,support insuffisant : 1 < 15
commune,35299,2018,Maison,40,1946.0,2249.0,2496.0,
commune,35299,2019,Appartement,4,,,,support insuffisant : 4 < 15
commune,35299,2019,Maison,26,1977.0,2137.0,2507.0,
commune,35299,2020,Appartement,5,,,,support insuffisant : 5 < 15
commune,35299,2020,Maison,29,2212.0,2400.0,2625.0,
commune,35299,2021,Appartement,3,,,,support insuffisant : 3 < 15
commune,35299,2021,Maison,20,2051.0,2698.0,2950.0,
commune,35299,2022,Appartement,5,,,,support insuffisant : 5 < 15
commune,35299,2022,Maison,22,2765.0,3139.0,3435.0,
commune,35299,2023,Appartement,1,,,,support insuffisant : 1 < 15
commune,35299,2023,Maison,15,2564.0,3118.0,3381.0,
commune,35299,2024,Maison,14,,,,support insuffisant : 14 < 15
commune,35299,2025,Appartement,1,,,,support insuffisant : 1 < 15
commune,35299,2025,Maison,20,2684.0,3124.0,3367.0,
commune,35300,2014,Maison,6,,,,support insuffisant : 6 < 15
commune,35300,2015,Maison,3,,,,support insuffisant : 3 < 15
commune,35300,2017,Maison,3,,,,support insuffisant : 3 < 15
commune,35300,2018,Maison,5,,,,support insuffisant : 5 < 15
commune,35300,2019,Maison,9,,,,support insuffisant : 9 < 15
commune,35300,2020,Maison,8,,,,support insuffisant : 8 < 15
commune,35300,2021,Maison,12,,,,support insuffisant : 12 < 15
commune,35300,2022,Maison,6,,,,support insuffisant : 6 < 15
commune,35300,2023,Maison,6,,,,support insuffisant : 6 < 15
commune,35300,2024,Maison,3,,,,support insuffisant : 3 < 15
commune,35300,2025,Maison,5,,,,support insuffisant : 5 < 15
commune,35302,2014,Maison,2,,,,support insuffisant : 2 < 15
commune,35302,2015,Maison,3,,,,support insuffisant : 3 < 15
commune,35302,2016,Maison,5,,,,support insuffisant : 5 < 15
commune,35302,2017,Maison,5,,,,support insuffisant : 5 < 15
commune,35302,2018,Maison,8,,,,support insuffisant : 8 < 15
commune,35302,2019,Maison,10,,,,support insuffisant : 10 < 15
commune,35302,2020,Maison,12,,,,support insuffisant : 12 < 15
commune,35302,2021,Maison,9,,,,support insuffisant : 9 < 15
commune,35302,2022,Maison,3,,,,support insuffisant : 3 < 15
commune,35302,2023,Maison,2,,,,support insuffisant : 2 < 15
commune,35302,2024,Maison,3,,,,support insuffisant : 3 < 15
commune,35302,2025,Maison,3,,,,support insuffisant : 3 < 15
commune,35304,2014,Maison,4,,,,support insuffisant : 4 < 15
commune,35304,2015,Maison,8,,,,support insuffisant : 8 < 15
commune,35304,2016,Maison,6,,,,support insuffisant : 6 < 15
commune,35304,2017,Maison,11,,,,support insuffisant : 11 < 15
commune,35304,2018,Maison,9,,,,support insuffisant : 9 < 15
commune,35304,2019,Maison,10,,,,support insuffisant : 10 < 15
commune,35304,2020,Maison,6,,,,support insuffisant : 6 < 15
commune,35304,2021,Maison,6,,,,support insuffisant : 6 < 15
commune,35304,2022,Maison,11,,,,support insuffisant : 11 < 15
commune,35304,2023,Maison,8,,,,support insuffisant : 8 < 15
commune,35304,2024,Maison,6,,,,support insuffisant : 6 < 15
commune,35304,2025,Maison,2,,,,support insuffisant : 2 < 15
commune,35305,2014,Maison,1,,,,support insuffisant : 1 < 15
commune,35305,2015,Maison,2,,,,support insuffisant : 2 < 15
commune,35305,2016,Maison,3,,,,support insuffisant : 3 < 15
commune,35305,2017,Maison,3,,,,support insuffisant : 3 < 15
commune,35305,2018,Maison,6,,,,support insuffisant : 6 < 15
commune,35305,2019,Maison,3,,,,support insuffisant : 3 < 15
commune,35305,2020,Maison,3,,,,support insuffisant : 3 < 15
commune,35305,2021,Maison,3,,,,support insuffisant : 3 < 15
commune,35305,2022,Maison,2,,,,support insuffisant : 2 < 15
commune,35305,2023,Maison,1,,,,support insuffisant : 1 < 15
commune,35305,2024,Maison,4,,,,support insuffisant : 4 < 15
commune,35305,2025,Maison,1,,,,support insuffisant : 1 < 15
commune,35306,2014,Appartement,1,,,,support insuffisant : 1 < 15
commune,35306,2014,Maison,10,,,,support insuffisant : 10 < 15
commune,35306,2015,Maison,8,,,,support insuffisant : 8 < 15
commune,35306,2016,Maison,12,,,,support insuffisant : 12 < 15
commune,35306,2017,Maison,11,,,,support insuffisant : 11 < 15
commune,35306,2018,Appartement,1,,,,support insuffisant : 1 < 15
commune,35306,2018,Maison,13,,,,support insuffisant : 13 < 15
commune,35306,2019,Maison,8,,,,support insuffisant : 8 < 15
commune,35306,2020,Maison,12,,,,support insuffisant : 12 < 15
commune,35306,2021,Maison,14,,,,support insuffisant : 14 < 15
commune,35306,2022,Maison,11,,,,support insuffisant : 11 < 15
commune,35306,2023,Maison,8,,,,support insuffisant : 8 < 15
commune,35306,2024,Maison,7,,,,support insuffisant : 7 < 15
commune,35306,2025,Maison,8,,,,support insuffisant : 8 < 15
commune,35307,2014,Maison,2,,,,support insuffisant : 2 < 15
commune,35307,2016,Maison,6,,,,support insuffisant : 6 < 15
commune,35307,2017,Maison,6,,,,support insuffisant : 6 < 15
commune,35307,2018,Maison,3,,,,support insuffisant : 3 < 15
commune,35307,2019,Maison,4,,,,support insuffisant : 4 < 15
commune,35307,2020,Maison,7,,,,support insuffisant : 7 < 15
commune,35307,2021,Maison,7,,,,support insuffisant : 7 < 15
commune,35307,2022,Maison,3,,,,support insuffisant : 3 < 15
commune,35307,2023,Maison,5,,,,support insuffisant : 5 < 15
commune,35307,2024,Maison,1,,,,support insuffisant : 1 < 15
commune,35307,2025,Maison,3,,,,support insuffisant : 3 < 15
commune,35308,2014,Maison,4,,,,support insuffisant : 4 < 15
commune,35308,2015,Maison,8,,,,support insuffisant : 8 < 15
commune,35308,2016,Maison,11,,,,support insuffisant : 11 < 15
commune,35308,2017,Maison,18,1427.0,1598.0,1685.0,
commune,35308,2018,Maison,19,835.0,1377.0,1705.0,
commune,35308,2019,Appartement,1,,,,support insuffisant : 1 < 15
commune,35308,2019,Maison,19,1443.0,1698.0,2033.0,
commune,35308,2020,Maison,18,1405.0,1558.0,1835.0,
commune,35308,2021,Appartement,1,,,,support insuffisant : 1 < 15
commune,35308,2021,Maison,29,1193.0,1615.0,2045.0,
commune,35308,2022,Appartement,1,,,,support insuffisant : 1 < 15
commune,35308,2022,Maison,25,1778.0,2122.0,2376.0,
commune,35308,2023,Maison,19,1942.0,2500.0,2756.0,
commune,35308,2024,Maison,18,1751.0,2106.0,2743.0,
commune,35308,2025,Maison,14,,,,support insuffisant : 14 < 15
commune,35309,2014,Maison,6,,,,support insuffisant : 6 < 15
commune,35309,2015,Maison,3,,,,support insuffisant : 3 < 15
commune,35309,2016,Maison,12,,,,support insuffisant : 12 < 15
commune,35309,2017,Maison,10,,,,support insuffisant : 10 < 15
commune,35309,2018,Maison,9,,,,support insuffisant : 9 < 15
commune,35309,2019,Maison,9,,,,support insuffisant : 9 < 15
commune,35309,2020,Maison,6,,,,support insuffisant : 6 < 15
commune,35309,2021,Maison,10,,,,support insuffisant : 10 < 15
commune,35309,2022,Maison,6,,,,support insuffisant : 6 < 15
commune,35309,2023,Maison,7,,,,support insuffisant : 7 < 15
commune,35309,2024,Maison,4,,,,support insuffisant : 4 < 15
commune,35309,2025,Maison,5,,,,support insuffisant : 5 < 15
commune,35310,2014,Maison,2,,,,support insuffisant : 2 < 15
commune,35310,2015,Maison,8,,,,support insuffisant : 8 < 15
commune,35310,2016,Maison,4,,,,support insuffisant : 4 < 15
commune,35310,2017,Maison,10,,,,support insuffisant : 10 < 15
commune,35310,2018,Maison,5,,,,support insuffisant : 5 < 15
commune,35310,2019,Maison,8,,,,support insuffisant : 8 < 15
commune,35310,2020,Maison,7,,,,support insuffisant : 7 < 15
commune,35310,2021,Maison,8,,,,support insuffisant : 8 < 15
commune,35310,2022,Maison,9,,,,support insuffisant : 9 < 15
commune,35310,2023,Maison,6,,,,support insuffisant : 6 < 15
commune,35310,2024,Maison,7,,,,support insuffisant : 7 < 15
commune,35310,2025,Maison,6,,,,support insuffisant : 6 < 15
commune,35311,2014,Maison,2,,,,support insuffisant : 2 < 15
commune,35311,2015,Maison,1,,,,support insuffisant : 1 < 15
commune,35311,2016,Maison,2,,,,support insuffisant : 2 < 15
commune,35311,2017,Maison,5,,,,support insuffisant : 5 < 15
commune,35311,2018,Maison,1,,,,support insuffisant : 1 < 15
commune,35311,2019,Maison,6,,,,support insuffisant : 6 < 15
commune,35311,2020,Maison,5,,,,support insuffisant : 5 < 15
commune,35311,2021,Maison,2,,,,support insuffisant : 2 < 15
commune,35311,2022,Maison,3,,,,support insuffisant : 3 < 15
commune,35311,2023,Maison,2,,,,support insuffisant : 2 < 15
commune,35312,2014,Maison,10,,,,support insuffisant : 10 < 15
commune,35312,2015,Maison,11,,,,support insuffisant : 11 < 15
commune,35312,2016,Maison,15,1051.0,1236.0,1765.0,
commune,35312,2017,Maison,16,1165.0,1712.0,2131.0,
commune,35312,2018,Maison,13,,,,support insuffisant : 13 < 15
commune,35312,2019,Maison,21,926.0,1267.0,1807.0,
commune,35312,2020,Maison,23,1372.0,1584.0,2032.0,
commune,35312,2021,Maison,13,,,,support insuffisant : 13 < 15
commune,35312,2022,Maison,15,1948.0,2314.0,2657.0,
commune,35312,2023,Maison,11,,,,support insuffisant : 11 < 15
commune,35312,2024,Maison,7,,,,support insuffisant : 7 < 15
commune,35312,2025,Maison,9,,,,support insuffisant : 9 < 15
commune,35314,2014,Maison,4,,,,support insuffisant : 4 < 15
commune,35314,2015,Maison,7,,,,support insuffisant : 7 < 15
commune,35314,2016,Maison,6,,,,support insuffisant : 6 < 15
commune,35314,2017,Maison,7,,,,support insuffisant : 7 < 15
commune,35314,2018,Maison,10,,,,support insuffisant : 10 < 15
commune,35314,2019,Appartement,1,,,,support insuffisant : 1 < 15
commune,35314,2019,Maison,11,,,,support insuffisant : 11 < 15
commune,35314,2020,Appartement,1,,,,support insuffisant : 1 < 15
commune,35314,2020,Maison,11,,,,support insuffisant : 11 < 15
commune,35314,2021,Maison,10,,,,support insuffisant : 10 < 15
commune,35314,2022,Maison,5,,,,support insuffisant : 5 < 15
commune,35314,2023,Maison,4,,,,support insuffisant : 4 < 15
commune,35314,2024,Maison,8,,,,support insuffisant : 8 < 15
commune,35314,2025,Maison,8,,,,support insuffisant : 8 < 15
commune,35315,2014,Maison,9,,,,support insuffisant : 9 < 15
commune,35315,2015,Maison,13,,,,support insuffisant : 13 < 15
commune,35315,2016,Maison,16,1651.0,1831.0,2329.0,
commune,35315,2017,Maison,12,,,,support insuffisant : 12 < 15
commune,35315,2018,Maison,3,,,,support insuffisant : 3 < 15
commune,35315,2019,Maison,10,,,,support insuffisant : 10 < 15
commune,35315,2020,Maison,14,,,,support insuffisant : 14 < 15
commune,35315,2021,Maison,11,,,,support insuffisant : 11 < 15
commune,35315,2022,Maison,6,,,,support insuffisant : 6 < 15
commune,35315,2023,Maison,1,,,,support insuffisant : 1 < 15
commune,35315,2024,Maison,5,,,,support insuffisant : 5 < 15
commune,35315,2025,Maison,10,,,,support insuffisant : 10 < 15
commune,35316,2014,Maison,2,,,,support insuffisant : 2 < 15
commune,35316,2015,Maison,6,,,,support insuffisant : 6 < 15
commune,35316,2016,Maison,5,,,,support insuffisant : 5 < 15
commune,35316,2017,Maison,13,,,,support insuffisant : 13 < 15
commune,35316,2018,Maison,8,,,,support insuffisant : 8 < 15
commune,35316,2019,Maison,8,,,,support insuffisant : 8 < 15
commune,35316,2020,Maison,12,,,,support insuffisant : 12 < 15
commune,35316,2021,Maison,6,,,,support insuffisant : 6 < 15
commune,35316,2022,Maison,5,,,,support insuffisant : 5 < 15
commune,35316,2023,Maison,6,,,,support insuffisant : 6 < 15
commune,35316,2024,Maison,3,,,,support insuffisant : 3 < 15
commune,35316,2025,Maison,6,,,,support insuffisant : 6 < 15
commune,35317,2014,Maison,3,,,,support insuffisant : 3 < 15
commune,35317,2015,Maison,2,,,,support insuffisant : 2 < 15
commune,35317,2016,Maison,5,,,,support insuffisant : 5 < 15
commune,35317,2017,Maison,4,,,,support insuffisant : 4 < 15
commune,35317,2018,Maison,5,,,,support insuffisant : 5 < 15
commune,35317,2019,Maison,5,,,,support insuffisant : 5 < 15
commune,35317,2020,Maison,6,,,,support insuffisant : 6 < 15
commune,35317,2021,Maison,3,,,,support insuffisant : 3 < 15
commune,35317,2022,Maison,1,,,,support insuffisant : 1 < 15
commune,35317,2023,Maison,2,,,,support insuffisant : 2 < 15
commune,35317,2024,Maison,4,,,,support insuffisant : 4 < 15
commune,35317,2025,Maison,3,,,,support insuffisant : 3 < 15
commune,35318,2014,Maison,3,,,,support insuffisant : 3 < 15
commune,35318,2015,Maison,3,,,,support insuffisant : 3 < 15
commune,35318,2016,Maison,8,,,,support insuffisant : 8 < 15
commune,35318,2017,Maison,3,,,,support insuffisant : 3 < 15
commune,35318,2018,Maison,5,,,,support insuffisant : 5 < 15
commune,35318,2019,Maison,4,,,,support insuffisant : 4 < 15
commune,35318,2020,Maison,5,,,,support insuffisant : 5 < 15
commune,35318,2021,Maison,5,,,,support insuffisant : 5 < 15
commune,35318,2022,Maison,4,,,,support insuffisant : 4 < 15
commune,35318,2023,Maison,4,,,,support insuffisant : 4 < 15
commune,35318,2024,Maison,2,,,,support insuffisant : 2 < 15
commune,35318,2025,Maison,3,,,,support insuffisant : 3 < 15
commune,35319,2014,Maison,8,,,,support insuffisant : 8 < 15
commune,35319,2015,Maison,15,1368.0,1670.0,1849.0,
commune,35319,2016,Maison,21,1481.0,1646.0,1946.0,
commune,35319,2017,Maison,17,1379.0,1800.0,1961.0,
commune,35319,2018,Maison,17,1354.0,1750.0,2025.0,
commune,35319,2019,Maison,19,1693.0,1880.0,2138.0,
commune,35319,2020,Maison,17,1752.0,1988.0,2189.0,
commune,35319,2021,Maison,23,1800.0,2126.0,2287.0,
commune,35319,2022,Maison,10,,,,support insuffisant : 10 < 15
commune,35319,2023,Maison,8,,,,support insuffisant : 8 < 15
commune,35319,2024,Maison,9,,,,support insuffisant : 9 < 15
commune,35319,2025,Maison,7,,,,support insuffisant : 7 < 15
commune,35320,2014,Maison,4,,,,support insuffisant : 4 < 15
commune,35320,2015,Maison,2,,,,support insuffisant : 2 < 15
commune,35320,2016,Maison,2,,,,support insuffisant : 2 < 15
commune,35320,2017,Maison,3,,,,support insuffisant : 3 < 15
commune,35320,2018,Maison,6,,,,support insuffisant : 6 < 15
commune,35320,2019,Maison,8,,,,support insuffisant : 8 < 15
commune,35320,2020,Maison,6,,,,support insuffisant : 6 < 15
commune,35320,2021,Maison,2,,,,support insuffisant : 2 < 15
commune,35320,2022,Maison,3,,,,support insuffisant : 3 < 15
commune,35320,2023,Maison,1,,,,support insuffisant : 1 < 15
commune,35320,2024,Maison,3,,,,support insuffisant : 3 < 15
commune,35320,2025,Maison,2,,,,support insuffisant : 2 < 15
commune,35321,2015,Maison,5,,,,support insuffisant : 5 < 15
commune,35321,2016,Maison,3,,,,support insuffisant : 3 < 15
commune,35321,2017,Maison,5,,,,support insuffisant : 5 < 15
commune,35321,2018,Maison,5,,,,support insuffisant : 5 < 15
commune,35321,2019,Maison,4,,,,support insuffisant : 4 < 15
commune,35321,2020,Maison,1,,,,support insuffisant : 1 < 15
commune,35321,2021,Maison,3,,,,support insuffisant : 3 < 15
commune,35321,2022,Maison,3,,,,support insuffisant : 3 < 15
commune,35321,2023,Maison,2,,,,support insuffisant : 2 < 15
commune,35321,2024,Maison,1,,,,support insuffisant : 1 < 15
commune,35321,2025,Maison,1,,,,support insuffisant : 1 < 15
commune,35322,2014,Maison,3,,,,support insuffisant : 3 < 15
commune,35322,2015,Maison,4,,,,support insuffisant : 4 < 15
commune,35322,2016,Maison,4,,,,support insuffisant : 4 < 15
commune,35322,2017,Maison,4,,,,support insuffisant : 4 < 15
commune,35322,2018,Maison,9,,,,support insuffisant : 9 < 15
commune,35322,2019,Maison,10,,,,support insuffisant : 10 < 15
commune,35322,2020,Maison,11,,,,support insuffisant : 11 < 15
commune,35322,2021,Maison,15,1697.0,1832.0,2136.0,
commune,35322,2022,Maison,10,,,,support insuffisant : 10 < 15
commune,35322,2023,Maison,10,,,,support insuffisant : 10 < 15
commune,35322,2024,Maison,4,,,,support insuffisant : 4 < 15
commune,35322,2025,Maison,7,,,,support insuffisant : 7 < 15
commune,35324,2014,Maison,4,,,,support insuffisant : 4 < 15
commune,35324,2015,Maison,1,,,,support insuffisant : 1 < 15
commune,35324,2016,Maison,2,,,,support insuffisant : 2 < 15
commune,35324,2017,Maison,3,,,,support insuffisant : 3 < 15
commune,35324,2021,Maison,1,,,,support insuffisant : 1 < 15
commune,35324,2023,Maison,2,,,,support insuffisant : 2 < 15
commune,35324,2024,Maison,1,,,,support insuffisant : 1 < 15
commune,35324,2025,Maison,4,,,,support insuffisant : 4 < 15
commune,35325,2020,Maison,2,,,,support insuffisant : 2 < 15
commune,35325,2022,Maison,1,,,,support insuffisant : 1 < 15
commune,35325,2024,Maison,2,,,,support insuffisant : 2 < 15
commune,35326,2014,Maison,11,,,,support insuffisant : 11 < 15
commune,35326,2015,Maison,9,,,,support insuffisant : 9 < 15
commune,35326,2016,Maison,7,,,,support insuffisant : 7 < 15
commune,35326,2017,Maison,12,,,,support insuffisant : 12 < 15
commune,35326,2018,Maison,12,,,,support insuffisant : 12 < 15
commune,35326,2019,Maison,15,1438.0,1490.0,1570.0,
commune,35326,2020,Maison,17,1556.0,1690.0,1926.0,
commune,35326,2021,Maison,16,1480.0,1786.0,2128.0,
commune,35326,2022,Maison,19,1602.0,1917.0,2202.0,
commune,35326,2023,Maison,8,,,,support insuffisant : 8 < 15
commune,35326,2024,Maison,6,,,,support insuffisant : 6 < 15
commune,35326,2025,Maison,6,,,,support insuffisant : 6 < 15
commune,35327,2014,Maison,15,1335.0,1748.0,2024.0,
commune,35327,2015,Maison,20,1695.0,1881.0,2109.0,
commune,35327,2016,Maison,16,1670.0,1997.0,2165.0,
commune,35327,2017,Maison,20,1769.0,1974.0,2188.0,
commune,35327,2018,Maison,17,1879.0,1981.0,2468.0,
commune,35327,2019,Maison,29,1613.0,2009.0,2134.0,
commune,35327,2020,Maison,23,1901.0,2226.0,2548.0,
commune,35327,2021,Maison,38,2288.0,2544.0,2720.0,
commune,35327,2022,Maison,23,2453.0,2714.0,3097.0,
commune,35327,2023,Maison,27,2339.0,2750.0,3047.0,
commune,35327,2024,Maison,21,2189.0,2502.0,2900.0,
commune,35327,2025,Maison,21,2357.0,2688.0,2954.0,
commune,35328,2014,Maison,11,,,,support insuffisant : 11 < 15
commune,35328,2015,Maison,14,,,,support insuffisant : 14 < 15
commune,35328,2016,Appartement,1,,,,support insuffisant : 1 < 15
commune,35328,2016,Maison,16,804.0,953.0,1096.0,
commune,35328,2017,Maison,10,,,,support insuffisant : 10 < 15
commune,35328,2018,Maison,24,809.0,1048.0,1259.0,
commune,35328,2019,Maison,12,,,,support insuffisant : 12 < 15
commune,35328,2020,Maison,13,,,,support insuffisant : 13 < 15
commune,35328,2021,Maison,10,,,,support insuffisant : 10 < 15
commune,35328,2022,Maison,17,1285.0,1625.0,1961.0,
commune,35328,2023,Maison,12,,,,support insuffisant : 12 < 15
commune,35328,2024,Maison,10,,,,support insuffisant : 10 < 15
commune,35328,2025,Maison,7,,,,support insuffisant : 7 < 15
commune,35329,2014,Maison,1,,,,support insuffisant : 1 < 15
commune,35329,2015,Maison,1,,,,support insuffisant : 1 < 15
commune,35329,2016,Maison,1,,,,support insuffisant : 1 < 15
commune,35329,2018,Maison,4,,,,support insuffisant : 4 < 15
commune,35329,2019,Maison,4,,,,support insuffisant : 4 < 15
commune,35329,2020,Maison,4,,,,support insuffisant : 4 < 15
commune,35329,2021,Maison,3,,,,support insuffisant : 3 < 15
commune,35329,2022,Maison,3,,,,support insuffisant : 3 < 15
commune,35329,2023,Maison,1,,,,support insuffisant : 1 < 15
commune,35329,2024,Maison,1,,,,support insuffisant : 1 < 15
commune,35329,2025,Maison,4,,,,support insuffisant : 4 < 15
commune,35330,2014,Maison,3,,,,support insuffisant : 3 < 15
commune,35330,2015,Maison,4,,,,support insuffisant : 4 < 15
commune,35330,2016,Maison,2,,,,support insuffisant : 2 < 15
commune,35330,2017,Maison,5,,,,support insuffisant : 5 < 15
commune,35330,2018,Maison,6,,,,support insuffisant : 6 < 15
commune,35330,2019,Maison,5,,,,support insuffisant : 5 < 15
commune,35330,2020,Maison,11,,,,support insuffisant : 11 < 15
commune,35330,2021,Maison,7,,,,support insuffisant : 7 < 15
commune,35330,2022,Maison,3,,,,support insuffisant : 3 < 15
commune,35330,2023,Maison,3,,,,support insuffisant : 3 < 15
commune,35330,2024,Maison,3,,,,support insuffisant : 3 < 15
commune,35330,2025,Maison,4,,,,support insuffisant : 4 < 15
commune,35331,2014,Maison,10,,,,support insuffisant : 10 < 15
commune,35331,2015,Maison,12,,,,support insuffisant : 12 < 15
commune,35331,2016,Maison,19,1395.0,1654.0,1817.0,
commune,35331,2017,Maison,9,,,,support insuffisant : 9 < 15
commune,35331,2018,Maison,12,,,,support insuffisant : 12 < 15
commune,35331,2019,Maison,19,1507.0,1929.0,2097.0,
commune,35331,2020,Maison,15,1685.0,1844.0,2014.0,
commune,35331,2021,Maison,13,,,,support insuffisant : 13 < 15
commune,35331,2022,Appartement,1,,,,support insuffisant : 1 < 15
commune,35331,2022,Maison,19,1947.0,2457.0,2604.0,
commune,35331,2023,Appartement,1,,,,support insuffisant : 1 < 15
commune,35331,2023,Maison,15,2109.0,2461.0,2612.0,
commune,35331,2024,Maison,9,,,,support insuffisant : 9 < 15
commune,35331,2025,Maison,12,,,,support insuffisant : 12 < 15
commune,35332,2014,Maison,4,,,,support insuffisant : 4 < 15
commune,35332,2015,Maison,11,,,,support insuffisant : 11 < 15
commune,35332,2016,Maison,8,,,,support insuffisant : 8 < 15
commune,35332,2017,Maison,5,,,,support insuffisant : 5 < 15
commune,35332,2018,Maison,18,599.0,746.0,1335.0,
commune,35332,2019,Maison,14,,,,support insuffisant : 14 < 15
commune,35332,2020,Maison,15,650.0,915.0,1178.0,
commune,35332,2021,Maison,11,,,,support insuffisant : 11 < 15
commune,35332,2022,Maison,9,,,,support insuffisant : 9 < 15
commune,35332,2023,Maison,8,,,,support insuffisant : 8 < 15
commune,35332,2024,Maison,4,,,,support insuffisant : 4 < 15
commune,35332,2025,Maison,8,,,,support insuffisant : 8 < 15
commune,35333,2014,Maison,7,,,,support insuffisant : 7 < 15
commune,35333,2015,Maison,10,,,,support insuffisant : 10 < 15
commune,35333,2016,Maison,8,,,,support insuffisant : 8 < 15
commune,35333,2017,Maison,10,,,,support insuffisant : 10 < 15
commune,35333,2018,Maison,16,1292.0,1539.0,1882.0,
commune,35333,2019,Maison,16,1626.0,1732.0,1896.0,
commune,35333,2020,Maison,15,1319.0,1514.0,1847.0,
commune,35333,2021,Maison,17,1469.0,1730.0,1973.0,
commune,35333,2022,Maison,10,,,,support insuffisant : 10 < 15
commune,35333,2023,Maison,5,,,,support insuffisant : 5 < 15
commune,35333,2024,Maison,5,,,,support insuffisant : 5 < 15
commune,35333,2025,Maison,7,,,,support insuffisant : 7 < 15
commune,35334,2014,Maison,29,2047.0,2346.0,2500.0,
commune,35334,2015,Appartement,2,,,,support insuffisant : 2 < 15
commune,35334,2015,Maison,44,2080.0,2278.0,2532.0,
commune,35334,2016,Appartement,2,,,,support insuffisant : 2 < 15
commune,35334,2016,Maison,48,1996.0,2287.0,2558.0,
commune,35334,2017,Maison,55,2149.0,2464.0,2721.0,
commune,35334,2018,Maison,46,2310.0,2559.0,2750.0,
commune,35334,2019,Maison,49,2326.0,2700.0,2892.0,
commune,35334,2020,Appartement,1,,,,support insuffisant : 1 < 15
commune,35334,2020,Maison,40,2542.0,2775.0,3013.0,
commune,35334,2021,Appartement,1,,,,support insuffisant : 1 < 15
commune,35334,2021,Maison,47,2741.0,3099.0,3318.0,
commune,35334,2022,Appartement,2,,,,support insuffisant : 2 < 15
commune,35334,2022,Maison,41,3020.0,3444.0,3780.0,
commune,35334,2023,Maison,44,3038.0,3352.0,3875.0,
commune,35334,2024,Maison,40,2639.0,2985.0,3550.0,
commune,35334,2025,Maison,39,2653.0,2992.0,3346.0,
commune,35335,2014,Maison,9,,,,support insuffisant : 9 < 15
commune,35335,2015,Maison,3,,,,support insuffisant : 3 < 15
commune,35335,2016,Maison,6,,,,support insuffisant : 6 < 15
commune,35335,2017,Maison,3,,,,support insuffisant : 3 < 15
commune,35335,2018,Maison,6,,,,support insuffisant : 6 < 15
commune,35335,2019,Maison,6,,,,support insuffisant : 6 < 15
commune,35335,2020,Maison,6,,,,support insuffisant : 6 < 15
commune,35335,2021,Maison,8,,,,support insuffisant : 8 < 15
commune,35335,2022,Maison,5,,,,support insuffisant : 5 < 15
commune,35335,2023,Maison,4,,,,support insuffisant : 4 < 15
commune,35335,2024,Maison,4,,,,support insuffisant : 4 < 15
commune,35335,2025,Maison,2,,,,support insuffisant : 2 < 15
commune,35336,2015,Maison,1,,,,support insuffisant : 1 < 15
commune,35336,2016,Maison,1,,,,support insuffisant : 1 < 15
commune,35336,2018,Maison,1,,,,support insuffisant : 1 < 15
commune,35337,2014,Maison,17,1477.0,1607.0,1742.0,
commune,35337,2015,Maison,13,,,,support insuffisant : 13 < 15
commune,35337,2016,Maison,24,1289.0,1598.0,1864.0,
commune,35337,2017,Maison,24,1311.0,1595.0,1947.0,
commune,35337,2018,Appartement,1,,,,support insuffisant : 1 < 15
commune,35337,2018,Maison,26,1585.0,1853.0,2183.0,
commune,35337,2019,Appartement,1,,,,support insuffisant : 1 < 15
commune,35337,2019,Maison,32,1612.0,1833.0,2118.0,
commune,35337,2020,Appartement,1,,,,support insuffisant : 1 < 15
commune,35337,2020,Maison,18,1826.0,1924.0,2143.0,
commune,35337,2021,Maison,26,1638.0,2189.0,2512.0,
commune,35337,2022,Maison,18,2093.0,2520.0,2785.0,
commune,35337,2023,Maison,18,1768.0,2483.0,2892.0,
commune,35337,2024,Maison,19,2264.0,2542.0,2937.0,
commune,35337,2025,Appartement,2,,,,support insuffisant : 2 < 15
commune,35337,2025,Maison,20,2244.0,2469.0,2680.0,
commune,35338,2014,Maison,1,,,,support insuffisant : 1 < 15
commune,35338,2015,Maison,4,,,,support insuffisant : 4 < 15
commune,35338,2016,Maison,2,,,,support insuffisant : 2 < 15
commune,35338,2017,Maison,1,,,,support insuffisant : 1 < 15
commune,35338,2018,Maison,10,,,,support insuffisant : 10 < 15
commune,35338,2019,Maison,14,,,,support insuffisant : 14 < 15
commune,35338,2020,Maison,11,,,,support insuffisant : 11 < 15
commune,35338,2021,Maison,5,,,,support insuffisant : 5 < 15
commune,35338,2022,Maison,3,,,,support insuffisant : 3 < 15
commune,35338,2023,Maison,8,,,,support insuffisant : 8 < 15
commune,35338,2024,Maison,8,,,,support insuffisant : 8 < 15
commune,35338,2025,Maison,2,,,,support insuffisant : 2 < 15
commune,35339,2014,Maison,2,,,,support insuffisant : 2 < 15
commune,35339,2015,Maison,2,,,,support insuffisant : 2 < 15
commune,35339,2016,Maison,1,,,,support insuffisant : 1 < 15
commune,35339,2017,Maison,2,,,,support insuffisant : 2 < 15
commune,35339,2018,Maison,3,,,,support insuffisant : 3 < 15
commune,35339,2020,Maison,2,,,,support insuffisant : 2 < 15
commune,35339,2021,Maison,3,,,,support insuffisant : 3 < 15
commune,35339,2022,Maison,1,,,,support insuffisant : 1 < 15
commune,35339,2023,Maison,1,,,,support insuffisant : 1 < 15
commune,35339,2024,Maison,3,,,,support insuffisant : 3 < 15
commune,35340,2014,Maison,3,,,,support insuffisant : 3 < 15
commune,35340,2015,Maison,2,,,,support insuffisant : 2 < 15
commune,35340,2016,Maison,2,,,,support insuffisant : 2 < 15
commune,35340,2017,Maison,1,,,,support insuffisant : 1 < 15
commune,35340,2019,Maison,7,,,,support insuffisant : 7 < 15
commune,35340,2020,Maison,8,,,,support insuffisant : 8 < 15
commune,35340,2021,Maison,10,,,,support insuffisant : 10 < 15
commune,35340,2022,Maison,4,,,,support insuffisant : 4 < 15
commune,35340,2023,Maison,8,,,,support insuffisant : 8 < 15
commune,35340,2024,Maison,7,,,,support insuffisant : 7 < 15
commune,35340,2025,Maison,9,,,,support insuffisant : 9 < 15
commune,35342,2014,Maison,1,,,,support insuffisant : 1 < 15
commune,35342,2018,Maison,1,,,,support insuffisant : 1 < 15
commune,35342,2019,Maison,1,,,,support insuffisant : 1 < 15
commune,35342,2020,Maison,3,,,,support insuffisant : 3 < 15
commune,35342,2021,Maison,4,,,,support insuffisant : 4 < 15
commune,35342,2023,Maison,1,,,,support insuffisant : 1 < 15
commune,35342,2025,Maison,1,,,,support insuffisant : 1 < 15
commune,35343,2014,Maison,3,,,,support insuffisant : 3 < 15
commune,35343,2015,Maison,5,,,,support insuffisant : 5 < 15
commune,35343,2016,Maison,6,,,,support insuffisant : 6 < 15
commune,35343,2017,Maison,6,,,,support insuffisant : 6 < 15
commune,35343,2018,Maison,7,,,,support insuffisant : 7 < 15
commune,35343,2019,Maison,3,,,,support insuffisant : 3 < 15
commune,35343,2020,Maison,8,,,,support insuffisant : 8 < 15
commune,35343,2021,Maison,7,,,,support insuffisant : 7 < 15
commune,35343,2022,Maison,3,,,,support insuffisant : 3 < 15
commune,35343,2023,Maison,2,,,,support insuffisant : 2 < 15
commune,35343,2024,Maison,6,,,,support insuffisant : 6 < 15
commune,35343,2025,Maison,3,,,,support insuffisant : 3 < 15
commune,35345,2014,Maison,3,,,,support insuffisant : 3 < 15
commune,35345,2015,Maison,7,,,,support insuffisant : 7 < 15
commune,35345,2016,Maison,4,,,,support insuffisant : 4 < 15
commune,35345,2017,Maison,8,,,,support insuffisant : 8 < 15
commune,35345,2018,Maison,5,,,,support insuffisant : 5 < 15
commune,35345,2019,Maison,9,,,,support insuffisant : 9 < 15
commune,35345,2020,Maison,10,,,,support insuffisant : 10 < 15
commune,35345,2021,Maison,11,,,,support insuffisant : 11 < 15
commune,35345,2022,Maison,4,,,,support insuffisant : 4 < 15
commune,35345,2023,Maison,6,,,,support insuffisant : 6 < 15
commune,35345,2024,Maison,4,,,,support insuffisant : 4 < 15
commune,35345,2025,Maison,4,,,,support insuffisant : 4 < 15
commune,35346,2018,Maison,1,,,,support insuffisant : 1 < 15
commune,35346,2019,Maison,2,,,,support insuffisant : 2 < 15
commune,35346,2022,Maison,1,,,,support insuffisant : 1 < 15
commune,35347,2014,Maison,6,,,,support insuffisant : 6 < 15
commune,35347,2015,Maison,8,,,,support insuffisant : 8 < 15
commune,35347,2016,Maison,11,,,,support insuffisant : 11 < 15
commune,35347,2017,Maison,4,,,,support insuffisant : 4 < 15
commune,35347,2018,Maison,12,,,,support insuffisant : 12 < 15
commune,35347,2019,Appartement,1,,,,support insuffisant : 1 < 15
commune,35347,2019,Maison,14,,,,support insuffisant : 14 < 15
commune,35347,2020,Appartement,1,,,,support insuffisant : 1 < 15
commune,35347,2020,Maison,16,1137.0,1403.0,1817.0,
commune,35347,2021,Maison,16,1220.0,1535.0,1852.0,
commune,35347,2022,Maison,17,1799.0,1918.0,1960.0,
commune,35347,2023,Appartement,1,,,,support insuffisant : 1 < 15
commune,35347,2023,Maison,11,,,,support insuffisant : 11 < 15
commune,35347,2024,Maison,10,,,,support insuffisant : 10 < 15
commune,35347,2025,Maison,12,,,,support insuffisant : 12 < 15
commune,35350,2015,Maison,4,,,,support insuffisant : 4 < 15
commune,35350,2016,Maison,1,,,,support insuffisant : 1 < 15
commune,35350,2017,Maison,4,,,,support insuffisant : 4 < 15
commune,35350,2018,Maison,1,,,,support insuffisant : 1 < 15
commune,35350,2019,Maison,2,,,,support insuffisant : 2 < 15
commune,35350,2020,Maison,1,,,,support insuffisant : 1 < 15
commune,35350,2021,Maison,3,,,,support insuffisant : 3 < 15
commune,35350,2022,Maison,3,,,,support insuffisant : 3 < 15
commune,35350,2023,Maison,3,,,,support insuffisant : 3 < 15
commune,35350,2024,Maison,4,,,,support insuffisant : 4 < 15
commune,35350,2025,Maison,5,,,,support insuffisant : 5 < 15
commune,35351,2014,Maison,10,,,,support insuffisant : 10 < 15
commune,35351,2015,Maison,11,,,,support insuffisant : 11 < 15
commune,35351,2016,Maison,5,,,,support insuffisant : 5 < 15
commune,35351,2017,Maison,14,,,,support insuffisant : 14 < 15
commune,35351,2018,Maison,13,,,,support insuffisant : 13 < 15
commune,35351,2019,Maison,13,,,,support insuffisant : 13 < 15
commune,35351,2020,Maison,20,1644.0,1881.0,2126.0,
commune,35351,2021,Maison,8,,,,support insuffisant : 8 < 15
commune,35351,2022,Maison,7,,,,support insuffisant : 7 < 15
commune,35351,2023,Appartement,1,,,,support insuffisant : 1 < 15
commune,35351,2023,Maison,11,,,,support insuffisant : 11 < 15
commune,35351,2024,Appartement,2,,,,support insuffisant : 2 < 15
commune,35351,2024,Maison,3,,,,support insuffisant : 3 < 15
commune,35351,2025,Appartement,1,,,,support insuffisant : 1 < 15
commune,35351,2025,Maison,11,,,,support insuffisant : 11 < 15
commune,35352,2014,Maison,35,1959.0,2343.0,2459.0,
commune,35352,2015,Appartement,3,,,,support insuffisant : 3 < 15
commune,35352,2015,Maison,54,1891.0,2147.0,2448.0,
commune,35352,2016,Appartement,2,,,,support insuffisant : 2 < 15
commune,35352,2016,Maison,44,1950.0,2373.0,2570.0,
commune,35352,2017,Appartement,2,,,,support insuffisant : 2 < 15
commune,35352,2017,Maison,52,2078.0,2287.0,2528.0,
commune,35352,2018,Appartement,3,,,,support insuffisant : 3 < 15
commune,35352,2018,Maison,56,2119.0,2366.0,2642.0,
commune,35352,2019,Appartement,3,,,,support insuffisant : 3 < 15
commune,35352,2019,Maison,66,2091.0,2330.0,2657.0,
commune,35352,2020,Appartement,1,,,,support insuffisant : 1 < 15
commune,35352,2020,Maison,45,2409.0,2651.0,2892.0,
commune,35352,2021,Appartement,3,,,,support insuffisant : 3 < 15
commune,35352,2021,Maison,58,2564.0,2848.0,3104.0,
commune,35352,2022,Appartement,1,,,,support insuffisant : 1 < 15
commune,35352,2022,Maison,56,2855.0,3190.0,3362.0,
commune,35352,2023,Appartement,1,,,,support insuffisant : 1 < 15
commune,35352,2023,Maison,39,2569.0,3010.0,3350.0,
commune,35352,2024,Appartement,1,,,,support insuffisant : 1 < 15
commune,35352,2024,Maison,31,2484.0,2850.0,3031.0,
commune,35352,2025,Appartement,1,,,,support insuffisant : 1 < 15
commune,35352,2025,Maison,36,2668.0,3041.0,3306.0,
commune,35353,2014,Appartement,5,,,,support insuffisant : 5 < 15
commune,35353,2014,Maison,16,1998.0,2360.0,2712.0,
commune,35353,2015,Appartement,1,,,,support insuffisant : 1 < 15
commune,35353,2015,Maison,17,2135.0,2375.0,2594.0,
commune,35353,2016,Appartement,1,,,,support insuffisant : 1 < 15
commune,35353,2016,Maison,23,2151.0,2305.0,2686.0,
commune,35353,2017,Appartement,2,,,,support insuffisant : 2 < 15
commune,35353,2017,Maison,38,2272.0,2532.0,2799.0,
commune,35353,2018,Appartement,2,,,,support insuffisant : 2 < 15
commune,35353,2018,Maison,31,2247.0,2457.0,2772.0,
commune,35353,2019,Appartement,2,,,,support insuffisant : 2 < 15
commune,35353,2019,Maison,31,2225.0,2437.0,2853.0,
commune,35353,2020,Appartement,4,,,,support insuffisant : 4 < 15
commune,35353,2020,Maison,28,2516.0,2668.0,3329.0,
commune,35353,2021,Appartement,1,,,,support insuffisant : 1 < 15
commune,35353,2021,Maison,25,2288.0,2822.0,3428.0,
commune,35353,2022,Maison,40,3280.0,3623.0,3886.0,
commune,35353,2023,Maison,25,2756.0,3020.0,3417.0,
commune,35353,2024,Maison,21,2727.0,3125.0,3273.0,
commune,35353,2025,Appartement,1,,,,support insuffisant : 1 < 15
commune,35353,2025,Maison,31,2822.0,3108.0,3286.0,
commune,35354,2021,Maison,1,,,,support insuffisant : 1 < 15
commune,35354,2022,Maison,2,,,,support insuffisant : 2 < 15
commune,35354,2023,Maison,1,,,,support insuffisant : 1 < 15
commune,35354,2024,Maison,1,,,,support insuffisant : 1 < 15
commune,35355,2014,Maison,3,,,,support insuffisant : 3 < 15
commune,35355,2015,Maison,7,,,,support insuffisant : 7 < 15
commune,35355,2016,Maison,7,,,,support insuffisant : 7 < 15
commune,35355,2017,Maison,5,,,,support insuffisant : 5 < 15
commune,35355,2018,Maison,4,,,,support insuffisant : 4 < 15
commune,35355,2019,Maison,9,,,,support insuffisant : 9 < 15
commune,35355,2020,Maison,4,,,,support insuffisant : 4 < 15
commune,35355,2021,Maison,12,,,,support insuffisant : 12 < 15
commune,35355,2022,Maison,4,,,,support insuffisant : 4 < 15
commune,35355,2023,Maison,4,,,,support insuffisant : 4 < 15
commune,35355,2024,Maison,3,,,,support insuffisant : 3 < 15
commune,35355,2025,Maison,6,,,,support insuffisant : 6 < 15
commune,35356,2014,Maison,7,,,,support insuffisant : 7 < 15
commune,35356,2015,Maison,12,,,,support insuffisant : 12 < 15
commune,35356,2016,Maison,4,,,,support insuffisant : 4 < 15
commune,35356,2017,Maison,13,,,,support insuffisant : 13 < 15
commune,35356,2018,Maison,15,1817.0,2043.0,2269.0,
commune,35356,2019,Maison,11,,,,support insuffisant : 11 < 15
commune,35356,2020,Maison,15,1768.0,1890.0,2207.0,
commune,35356,2021,Maison,15,2146.0,2275.0,2517.0,
commune,35356,2022,Maison,14,,,,support insuffisant : 14 < 15
commune,35356,2023,Maison,9,,,,support insuffisant : 9 < 15
commune,35356,2024,Maison,10,,,,support insuffisant : 10 < 15
commune,35356,2025,Maison,20,1855.0,2624.0,2830.0,
commune,35357,2015,Maison,2,,,,support insuffisant : 2 < 15
commune,35357,2016,Maison,1,,,,support insuffisant : 1 < 15
commune,35357,2017,Maison,2,,,,support insuffisant : 2 < 15
commune,35357,2019,Maison,1,,,,support insuffisant : 1 < 15
commune,35357,2020,Maison,1,,,,support insuffisant : 1 < 15
commune,35357,2024,Maison,2,,,,support insuffisant : 2 < 15
commune,35357,2025,Maison,1,,,,support insuffisant : 1 < 15
commune,35358,2014,Maison,8,,,,support insuffisant : 8 < 15
commune,35358,2015,Maison,8,,,,support insuffisant : 8 < 15
commune,35358,2016,Maison,13,,,,support insuffisant : 13 < 15
commune,35358,2017,Maison,16,1588.0,1875.0,2303.0,
commune,35358,2018,Maison,15,1584.0,1798.0,2205.0,
commune,35358,2019,Maison,12,,,,support insuffisant : 12 < 15
commune,35358,2020,Maison,8,,,,support insuffisant : 8 < 15
commune,35358,2021,Maison,8,,,,support insuffisant : 8 < 15
commune,35358,2022,Maison,8,,,,support insuffisant : 8 < 15
commune,35358,2023,Maison,8,,,,support insuffisant : 8 < 15
commune,35358,2024,Maison,6,,,,support insuffisant : 6 < 15
commune,35358,2025,Maison,9,,,,support insuffisant : 9 < 15
commune,35359,2014,Maison,2,,,,support insuffisant : 2 < 15
commune,35359,2015,Maison,3,,,,support insuffisant : 3 < 15
commune,35359,2016,Maison,2,,,,support insuffisant : 2 < 15
commune,35359,2017,Maison,1,,,,support insuffisant : 1 < 15
commune,35359,2018,Maison,1,,,,support insuffisant : 1 < 15
commune,35359,2019,Maison,5,,,,support insuffisant : 5 < 15
commune,35359,2020,Maison,7,,,,support insuffisant : 7 < 15
commune,35359,2021,Maison,3,,,,support insuffisant : 3 < 15
commune,35359,2022,Maison,2,,,,support insuffisant : 2 < 15
commune,35359,2023,Maison,1,,,,support insuffisant : 1 < 15
commune,35359,2024,Maison,3,,,,support insuffisant : 3 < 15
commune,35359,2025,Maison,1,,,,support insuffisant : 1 < 15
commune,35360,2014,Appartement,34,1222.0,1617.0,1943.0,
commune,35360,2014,Maison,70,1608.0,1877.0,2161.0,
commune,35360,2015,Appartement,21,1286.0,1643.0,2000.0,
commune,35360,2015,Maison,106,1614.0,1901.0,2160.0,
commune,35360,2016,Appartement,30,1234.0,1536.0,1784.0,
commune,35360,2016,Maison,84,1499.0,1849.0,2045.0,
commune,35360,2017,Appartement,31,1121.0,1396.0,1866.0,
commune,35360,2017,Maison,95,1596.0,1863.0,2177.0,
commune,35360,2018,Appartement,19,1473.0,1642.0,1882.0,
commune,35360,2018,Maison,112,1749.0,2064.0,2390.0,
commune,35360,2019,Appartement,36,1533.0,1881.0,2276.0,
commune,35360,2019,Maison,120,1802.0,2129.0,2458.0,
commune,35360,2020,Appartement,37,1551.0,1960.0,2239.0,
commune,35360,2020,Maison,117,1786.0,2131.0,2397.0,
commune,35360,2021,Appartement,29,1905.0,2182.0,3000.0,
commune,35360,2021,Maison,109,2115.0,2394.0,2729.0,
commune,35360,2022,Appartement,13,,,,support insuffisant : 13 < 15
commune,35360,2022,Maison,102,2286.0,2649.0,2946.0,
commune,35360,2023,Appartement,21,1917.0,2242.0,2718.0,
commune,35360,2023,Maison,89,2416.0,2692.0,3026.0,
commune,35360,2024,Appartement,11,,,,support insuffisant : 11 < 15
commune,35360,2024,Maison,70,2224.0,2542.0,2938.0,
commune,35360,2025,Appartement,19,2318.0,2547.0,2930.0,
commune,35360,2025,Maison,84,2074.0,2548.0,2752.0,
commune,35361,2014,Maison,10,,,,support insuffisant : 10 < 15
commune,35361,2015,Maison,11,,,,support insuffisant : 11 < 15
commune,35361,2016,Maison,7,,,,support insuffisant : 7 < 15
commune,35361,2017,Maison,14,,,,support insuffisant : 14 < 15
commune,35361,2018,Maison,17,1200.0,1500.0,1759.0,
commune,35361,2019,Maison,13,,,,support insuffisant : 13 < 15
commune,35361,2020,Maison,9,,,,support insuffisant : 9 < 15
commune,35361,2021,Maison,8,,,,support insuffisant : 8 < 15
commune,35361,2022,Maison,9,,,,support insuffisant : 9 < 15
commune,35361,2023,Maison,10,,,,support insuffisant : 10 < 15
commune,35361,2024,Maison,3,,,,support insuffisant : 3 < 15
commune,35361,2025,Maison,6,,,,support insuffisant : 6 < 15
commune,35362,2014,Maison,3,,,,support insuffisant : 3 < 15
commune,35362,2015,Maison,10,,,,support insuffisant : 10 < 15
commune,35362,2016,Appartement,1,,,,support insuffisant : 1 < 15
commune,35362,2016,Maison,9,,,,support insuffisant : 9 < 15
commune,35362,2017,Maison,7,,,,support insuffisant : 7 < 15
commune,35362,2018,Appartement,1,,,,support insuffisant : 1 < 15
commune,35362,2018,Maison,6,,,,support insuffisant : 6 < 15
commune,35362,2019,Maison,5,,,,support insuffisant : 5 < 15
commune,35362,2020,Maison,6,,,,support insuffisant : 6 < 15
commune,35362,2021,Appartement,1,,,,support insuffisant : 1 < 15
commune,35362,2021,Maison,6,,,,support insuffisant : 6 < 15
commune,35362,2022,Appartement,2,,,,support insuffisant : 2 < 15
commune,35362,2022,Maison,10,,,,support insuffisant : 10 < 15
commune,35362,2023,Appartement,2,,,,support insuffisant : 2 < 15
commune,35362,2023,Maison,1,,,,support insuffisant : 1 < 15
commune,35362,2024,Appartement,1,,,,support insuffisant : 1 < 15
commune,35362,2024,Maison,2,,,,support insuffisant : 2 < 15
commune,35362,2025,Maison,6,,,,support insuffisant : 6 < 15
commune,35363,2014,Maison,24,1445.0,1858.0,2113.0,
commune,35363,2015,Appartement,5,,,,support insuffisant : 5 < 15
commune,35363,2015,Maison,18,1809.0,1976.0,2176.0,
commune,35363,2016,Appartement,2,,,,support insuffisant : 2 < 15
commune,35363,2016,Maison,35,1775.0,2009.0,2225.0,
commune,35363,2017,Maison,29,1828.0,2088.0,2281.0,
commune,35363,2018,Appartement,3,,,,support insuffisant : 3 < 15
commune,35363,2018,Maison,20,2010.0,2207.0,2328.0,
commune,35363,2019,Appartement,4,,,,support insuffisant : 4 < 15
commune,35363,2019,Maison,24,2001.0,2169.0,2323.0,
commune,35363,2020,Appartement,5,,,,support insuffisant : 5 < 15
commune,35363,2020,Maison,30,2072.0,2343.0,2632.0,
commune,35363,2021,Appartement,3,,,,support insuffisant : 3 < 15
commune,35363,2021,Maison,19,2157.0,2575.0,2945.0,
commune,35363,2022,Maison,22,2288.0,2749.0,2941.0,
commune,35363,2023,Appartement,4,,,,support insuffisant : 4 < 15
commune,35363,2023,Maison,19,2288.0,2670.0,2909.0,
commune,35363,2024,Appartement,5,,,,support insuffisant : 5 < 15
commune,35363,2024,Maison,13,,,,support insuffisant : 13 < 15
commune,35363,2025,Appartement,1,,,,support insuffisant : 1 < 15
commune,35363,2025,Maison,24,2270.0,2603.0,2865.0,
